phase,step,sim_time_s,commanded_hand_xyz_m,commanded_orientation_wxyz,gripper_closed,measured_hand_xyz_m,measured_orientation_wxyz,measured_joint_positions
left_foot:clear,113,1.9,"[-0.05108833312988281, 0.004667114000767469, 1.18]","[0.0, 0.7151756860120705, 0.6989447318187356, 0.0]",False,"[[-0.05144179239869118, 0.004700714722275734, 1.1838475465774536]]","[[0.0002778302878141403, 0.8019733428955078, 0.5915902853012085, 0.08282296359539032]]","[[0.44819727540016174, -0.5008146166801453, -0.45231893658638, -2.696394920349121, -0.16953672468662262, 2.3705544471740723, -0.34111306071281433, 0.039996299892663956, 0.04000066593289375]]"
left_foot:hover,293,4.9,"[-0.16917823255062103, -0.4063812792301178, 1.18]","[0.0, 0.7151756860120705, 0.6989447318187356, 0.0]",False,"[[-0.16917970776557922, -0.40552493929862976, 1.179634928703308]]","[[-0.0008201913442462683, 0.7153300642967224, 0.6987862586975098, 0.00010009924153564498]]","[[0.31126436591148376, -0.3721942603588104, -1.2437204122543335, -2.3268113136291504, -0.42599159479141235, 2.1564183235168457, -1.4259183406829834, 0.03999446704983711, 0.03999469056725502]]"
left_foot:descend,623,10.4,"[-0.16917823255062103, -0.4063812792301178, 0.9079999556541443]","[0.0, 0.7151756860120705, 0.6989447318187356, 0.0]",False,"[[-0.16794061660766602, -0.4085599184036255, 0.9125133156776428]]","[[0.004927848465740681, 0.7476732730865479, 0.6640371084213257, -0.0039066290482878685]]","[[1.3233107328414917, -0.7004891633987427, -2.43715500831604, -2.2921142578125, -1.0562758445739746, 2.6374857425689697, -0.9171993136405945, 0.03997199237346649, 0.042193420231342316]]"
left_foot:open_settle,647,10.8,"[-0.16794061660766602, -0.4085599184036255, 0.9125133156776428]","[0.0, 0.7151756860120705, 0.6989447318187356, 0.0]",False,"[[-0.1685560792684555, -0.4089999496936798, 0.9125847816467285]]","[[0.002164460951462388, 0.7471123933792114, 0.664688766002655, -0.002712479792535305]]","[[1.3050082921981812, -0.7100222110748291, -2.4198384284973145, -2.2900617122650146, -1.0620375871658325, 2.6220104694366455, -0.9200250506401062, 0.04022199660539627, 0.041259054094552994]]"
left_foot:close,707,11.8,"[-0.1685560792684555, -0.4089999496936798, 0.9125847816467285]","[0.0, 0.7151756860120705, 0.6989447318187356, 0.0]",True,"[[-0.16897477209568024, -0.40926995873451233, 0.9125633239746094]]","[[0.0011352482251822948, 0.7470846176147461, 0.6647262573242188, -0.0015456356341019273]]","[[1.2684310674667358, -0.7327480912208557, -2.3851962089538574, -2.2857284545898438, -1.0924047231674194, 2.5958685874938965, -0.9065904021263123, 0.04016263410449028, 0.040927816182374954]]"
left_foot:lift,863,14.4,"[-0.16917823255062103, -0.4063812792301178, 1.18]","[0.0, 0.7151756860120705, 0.6989447318187356, 0.0]",True,"[[-0.16909407079219818, -0.4062306582927704, 1.1761620044708252]]","[[-0.00022294113296084106, 0.7168943881988525, 0.6971580982208252, 0.005750315263867378]]","[[0.39788997173309326, -0.46448463201522827, -1.316259741783142, -2.320258140563965, -0.5217492580413818, 2.12721586227417, -1.3517202138900757, 0.03253138065338135, 0.03261405602097511]]"
left_foot:traverse,1116,18.616666666666667,"[0.28, -0.15, 1.18]","[0.0, 0.7071067811865476, 0.7071067811865476, 0.0]",True,"[[0.2769930362701416, -0.1518229991197586, 1.1783396005630493]]","[[-0.001934887608513236, 0.7081345915794373, 0.7060689926147461, 0.002889624796807766]]","[[2.3592183589935303, -0.843815267086029, -2.234041452407837, -1.2397007942199707, -0.6409445405006409, 1.7935116291046143, -0.6972741484642029, 0.032533783465623856, 0.03261652961373329]]"
left_foot:lower,1266,21.116666666666667,"[0.2801775920391083, -0.15375570356845855, 0.9286770343780517]","[0.0, 0.7071067811865476, 0.7071067811865476, 0.0]",True,"[[0.27978071570396423, -0.1534985601902008, 0.9280697107315063]]","[[-0.0019885024521499872, 0.7077100872993469, 0.7064996957778931, 0.0008344223024323583]]","[[2.43876314163208, -1.172568917274475, -2.4191529750823975, -1.2749013900756836, -0.8115964531898499, 2.1502039432525635, -0.6315638422966003, 0.03253108635544777, 0.032615385949611664]]"
left_foot:pre_release,1284,21.416666666666668,"[0.27978071570396423, -0.1534985601902008, 0.9280697107315063]","[0.0, 0.7071067811865476, 0.7071067811865476, 0.0]",True,"[[0.2794879376888275, -0.1533055305480957, 0.9268481731414795]]","[[-0.0019905788358300924, 0.707818865776062, 0.7063907384872437, 0.0008550200145691633]]","[[2.439260721206665, -1.173557162284851, -2.4206817150115967, -1.275821566581726, -0.8117867708206177, 2.1525802612304688, -0.6306952238082886, 0.03250879794359207, 0.03259468078613281]]"
left_foot:release,1320,22.016666666666666,"[0.2794879376888275, -0.1533055305480957, 0.9268481731414795]","[0.0, 0.7071067811865476, 0.7071067811865476, 0.0]",False,"[[0.2794944941997528, -0.15321943163871765, 0.9265844821929932]]","[[-0.0007276592077687383, 0.7069496512413025, 0.7072624564170837, 0.0012398092076182365]]","[[2.439761161804199, -1.1730412244796753, -2.4222793579101562, -1.277104377746582, -0.8126750588417053, 2.156344175338745, -0.6320152878761292, 0.03262476623058319, 0.032651856541633606]]"
left_foot:retreat,1441,24.033333333333335,"[0.2801775920391083, -0.15375570356845855, 1.18]","[0.0, 0.7071067811865476, 0.7071067811865476, 0.0]",False,"[[0.2800668179988861, -0.15387511253356934, 1.1761616468429565]]","[[-0.002316246973350644, 0.7070812582969666, 0.7071279883384705, -0.0008506151498295367]]","[[2.3765645027160645, -0.8543068170547485, -2.2489209175109863, -1.2147042751312256, -0.6425991654396057, 1.7826277017593384, -0.7070536017417908, 0.03999952971935272, 0.0399995855987072]]"
left_foot:settle,1477,24.633333333333333,"[0.2800668179988861, -0.15387511253356934, 1.1761616468429565]","[0.0, 0.7071067811865476, 0.7071067811865476, 0.0]",False,"[[0.2800005376338959, -0.15401437878608704, 1.174604892730713]]","[[-0.0023378676269203424, 0.707106351852417, 0.7071028351783752, -0.0008918888634070754]]","[[2.375621795654297, -0.855407178401947, -2.2492270469665527, -1.217381238937378, -0.6436572670936584, 1.785579800605774, -0.706332266330719, 0.03999963775277138, 0.039999693632125854]]"
right_foot:clear,1567,26.133333333333333,"[0.2800005376338959, -0.15401437878608704, 1.18]","[0.0, 0.6997735607908003, 0.7143647273054319, 0.0]",False,"[[0.27993637323379517, -0.15416482090950012, 1.178228735923767]]","[[-0.002349484246224165, 0.6999756097793579, 0.7141624093055725, -0.0008808420388959348]]","[[2.3749136924743652, -0.8544487357139587, -2.2443039417266846, -1.2114405632019043, -0.6446834802627563, 1.7773984670639038, -0.7271363735198975, 0.03999966010451317, 0.039999719709157944]]"
right_foot:hover,1835,30.6,"[-0.17290084064006805, -0.2681203782558441, 1.18]","[0.0, 0.6997735607908003, 0.7143647273054319, 0.0]",False,"[[-0.16914236545562744, -0.26707765460014343, 1.1795010566711426]]","[[-0.001593495486304164, 0.7002813220024109, 0.7138652205467224, -0.0003727760340552777]]","[[0.2434159815311432, -0.7864428162574768, -0.9736788272857666, -2.622486114501953, -0.698133111000061, 1.996585488319397, -1.0296815633773804, 0.03998804837465286, 0.039988189935684204]]"
right_foot:descend,2165,36.1,"[-0.17290084064006805, -0.2681203782558441, 0.9079999556541443]","[0.0, 0.6997735607908003, 0.7143647273054319, 0.0]",False,"[[-0.1705615371465683, -0.2713313698768616, 0.9129893183708191]]","[[0.006767859682440758, 0.731682300567627, 0.6816115379333496, 0.0010457267053425312]]","[[1.3529562950134277, -0.5695316791534424, -2.4034581184387207, -2.5877044200897217, -1.3191261291503906, 2.763995409011841, -0.5532664656639099, 0.04003546014428139, 0.043397579342126846]]"
right_foot:open_settle,2189,36.5,"[-0.1705615371465683, -0.2713313698768616, 0.9129893183708191]","[0.0, 0.6997735607908003, 0.7143647273054319, 0.0]",False,"[[-0.17124848067760468, -0.27165859937667847, 0.9126079678535461]]","[[-0.0002275624719914049, 0.7274811863899231, 0.6861276030540466, 0.0002440534735796973]]","[[1.3409987688064575, -0.5736826062202454, -2.39127516746521, -2.589151382446289, -1.2980948686599731, 2.7475078105926514, -0.5863127112388611, 0.039924297481775284, 0.03992601856589317]]"
right_foot:close,2249,37.5,"[-0.17124848067760468, -0.27165859937667847, 0.9126079678535461]","[0.0, 0.6997735607908003, 0.7143647273054319, 0.0]",True,"[[-0.17115724086761475, -0.27163660526275635, 0.9126311540603638]]","[[-0.0003150620323140174, 0.7234439253807068, 0.6903812885284424, 0.001584931043908]]","[[1.3254677057266235, -0.5824792981147766, -2.377906560897827, -2.5881426334381104, -1.3054805994033813, 2.739267349243164, -0.5959373116493225, 0.036891549825668335, 0.03703923150897026]]"
right_foot:lift,2443,40.733333333333334,"[-0.17290084064006805, -0.2681203782558441, 1.18]","[0.0, 0.6997735607908003, 0.7143647273054319, 0.0]",True,"[[-0.1728230118751526, -0.2679237425327301, 1.1761844158172607]]","[[-0.0005276312585920095, 0.7020924091339111, 0.712070107460022, 0.0047014616429805756]]","[[0.2024235725402832, -0.7638145685195923, -0.9558867812156677, -2.6377296447753906, -0.670718789100647, 2.029961585998535, -1.0559718608856201, 0.03224540501832962, 0.03231813758611679]]"
right_foot:traverse,2671,44.53333333333333,"[0.28, 0.15, 1.18]","[0.0, 0.7071067811865476, 0.7071067811865476, 0.0]",True,"[[0.2774495482444763, 0.14794564247131348, 1.1781493425369263]]","[[-0.0009287219145335257, 0.7075799107551575, 0.706632673740387, 0.00030588649678975344]]","[[0.6364482641220093, 0.7393047213554382, -0.6480860710144043, -1.2570408582687378, 0.4397296607494354, 1.8566983938217163, -0.7899281978607178, 0.03224339336156845, 0.03232187405228615]]"
right_foot:lower,2821,47.03333333333333,"[0.280089704990387, 0.14682636559009551, 0.9286553382873535]","[0.0, 0.7071067811865476, 0.7071067811865476, 0.0]",True,"[[0.2796555757522583, 0.14672991633415222, 0.9279281497001648]]","[[-0.001303997589275241, 0.7081283926963806, 0.7060825824737549, 0.0002303693036083132]]","[[0.5715826749801636, 1.0821601152420044, -0.5161998271942139, -1.3041375875473022, 0.5895705223083496, 2.234147310256958, -0.8623878955841064, 0.032244905829429626, 0.03232181817293167]]"
right_foot:pre_release,2839,47.333333333333336,"[0.2796555757522583, 0.14672991633415222, 0.9279281497001648]","[0.0, 0.7071067811865476, 0.7071067811865476, 0.0]",True,"[[0.2793406546115875, 0.14662809669971466, 0.9266853332519531]]","[[-0.0012307630386203527, 0.7072083950042725, 0.707004189491272, 0.0001295653055422008]]","[[0.5723074078559875, 1.084000825881958, -0.5167503952980042, -1.3048428297042847, 0.5914705395698547, 2.23587965965271, -0.8660104274749756, 0.03215818852186203, 0.03236110508441925]]"
right_foot:release,2875,47.93333333333334,"[0.2793406546115875, 0.14662809669971466, 0.9266853332519531]","[0.0, 0.7071067811865476, 0.7071067811865476, 0.0]",False,"[[0.2793774902820587, 0.14658942818641663, 0.926580548286438]]","[[-0.00039948755875229836, 0.7064021825790405, 0.7078100442886353, 0.0009379378752782941]]","[[0.5740015506744385, 1.0847185850143433, -0.5188181400299072, -1.3056961297988892, 0.5944463610649109, 2.238356351852417, -0.8697791695594788, 0.03224323317408562, 0.03230493888258934]]"
right_foot:retreat,2996,49.95,"[0.280089704990387, 0.14682636559009551, 1.18]","[0.0, 0.7071067811865476, 0.7071067811865476, 0.0]",False,"[[0.2799645662307739, 0.14694519340991974, 1.1760804653167725]]","[[-0.0010236044181510806, 0.7070932984352112, 0.7071154117584229, -0.0024000518023967743]]","[[0.6354122161865234, 0.7555091381072998, -0.6583282351493835, -1.2397626638412476, 0.44960466027259827, 1.8459491729736328, -0.7954767346382141, 0.03999950736761093, 0.039999570697546005]]"
right_foot:settle,3032,50.55,"[0.2799645662307739, 0.14694519340991974, 1.1760804653167725]","[0.0, 0.7071067811865476, 0.7071067811865476, 0.0]",False,"[[0.2798856794834137, 0.1470804512500763, 1.1744462251663208]]","[[-0.0010525608668103814, 0.7070745825767517, 0.7071340084075928, -0.00243959273211658]]","[[0.6362001895904541, 0.7564463019371033, -0.6581071615219116, -1.2426602840423584, 0.4504116177558899, 1.8492990732192993, -0.7960141897201538, 0.0399995818734169, 0.03999964892864227]]"
left_wall:clear,3122,52.05,"[0.2798856794834137, 0.1470804512500763, 1.18]","[0.0, 0.7063343679653614, 0.7078783515767193, 0.0]",False,"[[0.27980831265449524, 0.1472269743680954, 1.1781418323516846]]","[[-0.001063243835233152, 0.7063161134719849, 0.707891583442688, -0.002449359744787216]]","[[0.6358642578125, 0.7540503144264221, -0.6594653129577637, -1.2369396686553955, 0.4489736258983612, 1.8416495323181152, -0.7967010736465454, 0.03999961540102959, 0.03999968245625496]]"
left_wall:hover,3359,56.0,"[-0.1693601906299591, -0.13362301886081696, 1.18]","[0.0, 0.7063343679653614, 0.7078783515767193, 0.0]",False,"[[-0.16618694365024567, -0.1313081681728363, 1.1795367002487183]]","[[-0.0009076823480427265, 0.7058505415916443, 0.70835942029953, -0.0011326995445415378]]","[[0.30825233459472656, -0.9700407981872559, -0.748066246509552, -2.8333818912506104, -0.6439128518104553, 1.9310249090194702, -0.7032420039176941, 0.03998623415827751, 0.03998623415827751]]"
left_wall:descend,3599,60.0,"[-0.1693601906299591, -0.13362301886081696, 0.9449999260902404]","[0.0, 0.7063343679653614, 0.7078783515767193, 0.0]",False,"[[-0.1701951026916504, -0.1339533030986786, 0.9488213658332825]]","[[-0.0010517985792830586, 0.7084248661994934, 0.7057855725288391, -9.005091669678222e-06]]","[[1.632227897644043, -0.225879967212677, -2.382370948791504, -2.8962643146514893, -1.0858826637268066, 2.966479778289795, -0.4648182988166809, 0.0399649553000927, 0.039966702461242676]]"
left_wall:open_settle,3623,60.4,"[-0.1701951026916504, -0.1339533030986786, 0.9488213658332825]","[0.0, 0.7063343679653614, 0.7078783515767193, 0.0]",False,"[[-0.17033852636814117, -0.13389021158218384, 0.948703408241272]]","[[-0.0008628320065326989, 0.7073235511779785, 0.7068893909454346, 0.0002178811264457181]]","[[1.6328667402267456, -0.22665688395500183, -2.3840458393096924, -2.895982027053833, -1.0901150703430176, 2.967085599899292, -0.46480607986450195, 0.03996371850371361, 0.03996529057621956]]"
left_wall:close,3683,61.4,"[-0.17033852636814117, -0.13389021158218384, 0.948703408241272]","[0.0, 0.7063343679653614, 0.7078783515767193, 0.0]",True,"[[-0.17040739953517914, -0.13381914794445038, 0.9486498832702637]]","[[-0.0004023727378807962, 0.7065569162368774, 0.707655668258667, 0.0008356700418516994]]","[[1.6322050094604492, -0.22791577875614166, -2.384840965270996, -2.8954262733459473, -1.096164584159851, 2.9681918621063232, -0.46253928542137146, 0.022835783660411835, 0.022853190079331398]]"
left_wall:lift,3919,65.33333333333333,"[-0.1693601906299591, -0.13362301886081696, 1.18]","[0.0, 0.7063343679653614, 0.7078783515767193, 0.0]",True,"[[-0.16952751576900482, -0.13353651762008667, 1.1761797666549683]]","[[-0.00017160343122668564, 0.7070791721343994, 0.7071340084075928, 0.0007160017848946154]]","[[0.2909329831600189, -0.9744447469711304, -0.7515321373939514, -2.8452494144439697, -0.6493131518363953, 1.9405796527862549, -0.7104327082633972, 0.022829439491033554, 0.022865604609251022]]"
left_wall:traverse,4163,69.39999999999999,"[0.28, -0.089, 1.18]","[0.0, 0.7071067811865476, 0.7071067811865476, 0.0]",True,"[[0.27656522393226624, -0.08906228095293045, 1.1780949831008911]]","[[-0.0016978440107777715, 0.7072016596794128, 0.707008421421051, -0.0014294711872935295]]","[[0.43714186549186707, 0.765559196472168, -0.828305184841156, -1.3151103258132935, 0.5576478242874146, 1.840936303138733, -1.1814647912979126, 0.022829066962003708, 0.022866103798151016]]"
left_wall:lower,4313,71.89999999999999,"[0.2805317628383637, -0.08906640702486038, 0.964656096458435]","[0.0, 0.7071067811865476, 0.7071067811865476, 0.0]",True,"[[0.28002431988716125, -0.08900196105241776, 0.9637406468391418]]","[[-0.0015922966413199902, 0.7071656584739685, 0.7070451378822327, -0.001202176557853818]]","[[0.3722423315048218, 1.0458861589431763, -0.6813715100288391, -1.376560091972351, 0.7184323668479919, 2.164762258529663, -1.256614327430725, 0.022828878834843636, 0.022866221144795418]]"
left_wall:pre_release,4331,72.19999999999999,"[0.28002431988716125, -0.08900196105241776, 0.9637406468391418]","[0.0, 0.7071067811865476, 0.7071067811865476, 0.0]",True,"[[0.27968698740005493, -0.0889873057603836, 0.9625149369239807]]","[[-0.00148345238994807, 0.7071638703346252, 0.7070472836494446, -0.001150197465904057]]","[[0.37266382575035095, 1.0472768545150757, -0.681083619594574, -1.377860188484192, 0.7201089262962341, 2.1670889854431152, -1.2577054500579834, 0.022816773504018784, 0.022827086970210075]]"
left_wall:release,4367,72.8,"[0.27968698740005493, -0.0889873057603836, 0.9625149369239807]","[0.0, 0.7071067811865476, 0.7071067811865476, 0.0]",False,"[[0.2791891396045685, -0.08895329385995865, 0.9609423875808716]]","[[-0.001640720060095191, 0.7071461081504822, 0.7070633769035339, -0.001781146158464253]]","[[0.3731194734573364, 1.049041986465454, -0.680694580078125, -1.3792521953582764, 0.72072833776474, 2.1688692569732666, -1.2582110166549683, 0.03912073373794556, 0.039120741188526154]]"
left_wall:retreat,4487,74.8,"[0.2805317628383637, -0.08906640702486038, 1.18]","[0.0, 0.7071067811865476, 0.7071067811865476, 0.0]",False,"[[0.2804514467716217, -0.08889628201723099, 1.1763403415679932]]","[[-0.0015614674193784595, 0.7070984244346619, 0.7071108818054199, -0.0019319570856168866]]","[[0.42909324169158936, 0.78286212682724, -0.8287087082862854, -1.291857123374939, 0.5665805339813232, 1.8326313495635986, -1.180514931678772, 0.03999948129057884, 0.03999945893883705]]"
left_wall:settle,4523,75.39999999999999,"[0.2804514467716217, -0.08889628201723099, 1.1763403415679932]","[0.0, 0.7071067811865476, 0.7071067811865476, 0.0]",False,"[[0.2804194688796997, -0.08872684836387634, 1.1748270988464355]]","[[-0.0015852972865104675, 0.7070772051811218, 0.7071319818496704, -0.0019359568832442164]]","[[0.42991358041763306, 0.7838985323905945, -0.8283998370170593, -1.2944389581680298, 0.5676051378250122, 1.835622787475586, -1.1811420917510986, 0.03999949246644974, 0.039999473839998245]]"
right_wall:clear,4613,76.89999999999999,"[0.2804194688796997, -0.08872684836387634, 1.18]","[0.0, 0.7158410536778154, 0.698263264012532, 0.0]",False,"[[0.2803918719291687, -0.08854664862155914, 1.1782804727554321]]","[[-0.0015678911004215479, 0.7155760526657104, 0.6985304355621338, -0.0019524807576090097]]","[[0.4319043457508087, 0.7831251621246338, -0.8341509699821472, -1.2892321348190308, 0.5691145658493042, 1.8277207612991333, -1.1567410230636597, 0.03999952971935272, 0.03999951109290123]]"
right_wall:hover,4844,80.75,"[-0.16738957166671753, 0.13689512014389038, 1.18]","[0.0, 0.7158410536778154, 0.698263264012532, 0.0]",False,"[[-0.16394424438476562, 0.13504375517368317, 1.17949378490448]]","[[-0.0003043905890081078, 0.7152942419052124, 0.6988216638565063, -0.001543726189993322]]","[[0.9604642391204834, -0.8170875906944275, -0.5168209075927734, -2.8482580184936523, -0.4201826751232147, 2.059077024459839, 0.035238396376371384, 0.03997369483113289, 0.03997369483113289]]"
right_wall:descend,5074,84.58333333333333,"[-0.16738957166671753, 0.13689512014389038, 0.9449999260902404]","[0.0, 0.7158410536778154, 0.698263264012532, 0.0]",False,"[[-0.16801024973392487, 0.13664036989212036, 0.9487404823303223]]","[[0.0006302078836597502, 0.716783881187439, 0.6972919702529907, -0.0021229698322713375]]","[[1.0166206359863281, 0.1495278924703598, -0.3577367961406708, -2.9432239532470703, 0.6818646788597107, 3.0614590644836426, -0.775784969329834, 0.03995988517999649, 0.03996088355779648]]"
right_wall:open_settle,5098,84.98333333333332,"[-0.16801024973392487, 0.13664036989212036, 0.9487404823303223]","[0.0, 0.7158410536778154, 0.698263264012532, 0.0]",False,"[[-0.16824831068515778, 0.1366710513830185, 0.9485670328140259]]","[[0.0003091998805757612, 0.7158514261245728, 0.6982511878013611, -0.001403651898726821]]","[[1.0084316730499268, 0.15027354657649994, -0.3469577133655548, -2.942563533782959, 0.6929799318313599, 3.0632596015930176, -0.7870330214500427, 0.039959922432899475, 0.03996097669005394]]"
right_wall:close,5158,85.98333333333332,"[-0.16824831068515778, 0.1366710513830185, 0.9485670328140259]","[0.0, 0.7158410536778154, 0.698263264012532, 0.0]",True,"[[-0.16836972534656525, 0.1366708129644394, 0.9484396576881409]]","[[0.0005748558323830366, 0.7154209613800049, 0.6986932754516602, -0.0004957614000886679]]","[[1.0034164190292358, 0.1514723151922226, -0.3391304016113281, -2.9417834281921387, 0.70433109998703, 3.0659234523773193, -0.7968186140060425, 0.02283317595720291, 0.022845951840281487]]"
right_wall:lift,5388,89.81666666666666,"[-0.16738957166671753, 0.13689512014389038, 1.18]","[0.0, 0.7158410536778154, 0.698263264012532, 0.0]",True,"[[-0.1676562875509262, 0.136908620595932, 1.1761815547943115]]","[[0.0011976789683103561, 0.7140039801597595, 0.7001402974128723, -0.0007058193441480398]]","[[0.969111442565918, -0.8235923647880554, -0.5195244550704956, -2.8608288764953613, -0.42979711294174194, 2.06600022315979, 0.047466639429330826, 0.02282349392771721, 0.022864416241645813]]"
right_wall:traverse,5612,93.55,"[0.28, 0.089, 1.18]","[0.0, 0.7071067811865476, 0.7071067811865476, 0.0]",True,"[[0.27667802572250366, 0.08952246606349945, 1.1780855655670166]]","[[-0.0005450897151604295, 0.7070677280426025, 0.7071411609649658, -0.0025282290298491716]]","[[0.6547176837921143, 0.7439183592796326, -0.7750034332275391, -1.3172262907028198, 0.513362467288971, 1.8545275926589966, -0.9141624569892883, 0.02282501570880413, 0.022860733792185783]]"
right_wall:lower,5762,96.05,"[0.28050011277198794, 0.0888452365398407, 0.9644419965744018]","[0.0, 0.7071067811865476, 0.7071067811865476, 0.0]",True,"[[0.27997642755508423, 0.08877454698085785, 0.9635071158409119]]","[[-0.0010005157673731446, 0.7071075439453125, 0.7071024775505066, -0.002000166568905115]]","[[0.5879373550415039, 1.0249814987182617, -0.6337298154830933, -1.3811017274856567, 0.6666085720062256, 2.1838221549987793, -0.9895499348640442, 0.022824905812740326, 0.022860771045088768]]"
right_wall:pre_release,5780,96.35,"[0.27997642755508423, 0.08877454698085785, 0.9635071158409119]","[0.0, 0.7071067811865476, 0.7071067811865476, 0.0]",True,"[[0.2796423137187958, 0.08872025460004807, 0.9622862339019775]]","[[-0.0008980875718407333, 0.7070881724357605, 0.7071223855018616, -0.0018977443687617779]]","[[0.588130533695221, 1.0261720418930054, -0.6331000924110413, -1.3824859857559204, 0.6678622364997864, 2.186411142349243, -0.9905074238777161, 0.022813839837908745, 0.022813593968749046]]"
right_wall:release,5816,96.94999999999999,"[0.2796423137187958, 0.08872025460004807, 0.9622862339019775]","[0.0, 0.7071067811865476, 0.7071067811865476, 0.0]",False,"[[0.27914223074913025, 0.08863282203674316, 0.9606971144676208]]","[[-0.0011252230033278465, 0.7071253061294556, 0.7070838212966919, -0.002239674562588334]]","[[0.5882995128631592, 1.0277330875396729, -0.632369875907898, -1.384001612663269, 0.6689619421958923, 2.188384771347046, -0.991254985332489, 0.03912055492401123, 0.03912056237459183]]"
right_wall:retreat,5936,98.94999999999999,"[0.28050011277198794, 0.0888452365398407, 1.18]","[0.0, 0.7071067811865476, 0.7071067811865476, 0.0]",False,"[[0.2803771197795868, 0.08898992836475372, 1.1763153076171875]]","[[-0.0010807197540998459, 0.7070919871330261, 0.7071170806884766, -0.0022809042129665613]]","[[0.6434370875358582, 0.7589314579963684, -0.7719663977622986, -1.295729160308838, 0.5207832455635071, 1.8474665880203247, -0.9150018692016602, 0.0399995855987072, 0.03999962657690048]]"
right_wall:settle,5972,99.55,"[0.2803771197795868, 0.08898992836475372, 1.1763153076171875]","[0.0, 0.7071067811865476, 0.7071067811865476, 0.0]",False,"[[0.28030169010162354, 0.0891457200050354, 1.1747796535491943]]","[[-0.0011035806965082884, 0.7070705890655518, 0.7071384191513062, -0.002292289398610592]]","[[0.6442252397537231, 0.7599309682846069, -0.7716758847236633, -1.298370361328125, 0.5217512845993042, 1.8505595922470093, -0.9155946373939514, 0.039999593049287796, 0.03999963402748108]]"
left_gate_pier:clear,6062,101.05,"[0.28030169010162354, 0.0891457200050354, 1.18]","[0.0, 0.7030318707608467, 0.7111583429128172, 0.0]",False,"[[0.2802276909351349, 0.08931337296962738, 1.1782537698745728]]","[[-0.0011218065628781915, 0.7030960917472839, 0.7110903859138489, -0.0022895068395882845]]","[[0.6433751583099365, 0.7568716406822205, -0.7719839811325073, -1.2934750318527222, 0.5189940333366394, 1.8439637422561646, -0.9247803092002869, 0.03999960795044899, 0.03999964892864227]]"
left_gate_pier:hover,6269,104.5,"[-0.16785557568073273, 0.2672015130519867, 1.18]","[0.0, 0.7030318707608467, 0.7111583429128172, 0.0]",False,"[[-0.16425330936908722, 0.2655865550041199, 1.1794248819351196]]","[[0.00010040959750767797, 0.7025516629219055, 0.7116305232048035, -0.0017988358158618212]]","[[1.3201854228973389, -0.5111591219902039, -0.5488277077674866, -2.6529228687286377, -0.31624966859817505, 2.1788382530212402, 0.21774573624134064, 0.039976198226213455, 0.03997639939188957]]"
left_gate_pier:descend,6420,107.01666666666667,"[-0.16785557568073273, 0.2672015130519867, 0.9629999294281006]","[0.0, 0.7030318707608467, 0.7111583429128172, 0.0]",False,"[[-0.16830360889434814, 0.26699522137641907, 0.9669144749641418]]","[[0.0009169364930130541, 0.7030093669891357, 0.7111786007881165, -0.0014247357612475753]]","[[1.386995792388916, 0.19193477928638458, -0.5152571201324463, -2.755528450012207, 0.39967095851898193, 2.9017632007598877, -0.3069516718387604, 0.039980556815862656, 0.039981160312891006]]"
left_gate_pier:open_settle,6444,107.41666666666666,"[-0.16830360889434814, 0.26699522137641907, 0.9669144749641418]","[0.0, 0.7030318707608467, 0.7111583429128172, 0.0]",False,"[[-0.1686098575592041, 0.26693934202194214, 0.9666059017181396]]","[[0.0006451489171013236, 0.702681303024292, 0.7115035057067871, -0.0012359647080302238]]","[[1.3855394124984741, 0.19264139235019684, -0.5124739408493042, -2.7559266090393066, 0.40391555428504944, 2.9031825065612793, -0.3107593357563019, 0.03998085483908653, 0.039981648325920105]]"
left_gate_pier:close,6504,108.41666666666666,"[-0.1686098575592041, 0.26693934202194214, 0.9666059017181396]","[0.0, 0.7030318707608467, 0.7111583429128172, 0.0]",True,"[[-0.16874580085277557, 0.2668309807777405, 0.966362714767456]]","[[0.00043925209320150316, 0.7030029296875, 0.7111864686012268, -0.0007597390213049948]]","[[1.3865141868591309, 0.19369620084762573, -0.5120135545730591, -2.756096363067627, 0.4103771448135376, 2.9048428535461426, -0.3147253096103668, 0.02680373378098011, 0.026775766164064407]]"
left_gate_pier:lift,6654,110.91666666666666,"[-0.16785557568073273, 0.2672015130519867, 1.18]","[0.0, 0.7030318707608467, 0.7111583429128172, 0.0]",True,"[[-0.16806785762310028, 0.26701945066452026, 1.1767393350601196]]","[[0.0005541043938137591, 0.7025309801101685, 0.7116517424583435, -0.0013406871585175395]]","[[1.335625171661377, -0.5151273012161255, -0.5567946434020996, -2.661651372909546, -0.3254881203174591, 2.1851890087127686, 0.23375900089740753, 0.02683890610933304, 0.026850419119000435]]"
left_gate_pier:traverse,6891,114.86666666666666,"[0.28, -0.044, 1.18]","[0.0, 0.7071067811865476, 0.7071067811865476, 0.0]",True,"[[0.2771095037460327, -0.042001400142908096, 1.1781648397445679]]","[[-0.001580483978614211, 0.7072474956512451, 0.7069584131240845, -0.0028929829131811857]]","[[0.5258020758628845, 0.762822687625885, -0.854138195514679, -1.3364298343658447, 0.5683942437171936, 1.8425776958465576, -1.1252423524856567, 0.026838527992367744, 0.02684519626200199]]"
left_gate_pier:lower,7041,117.36666666666666,"[0.2806438493728638, -0.04435387277603149, 0.9823571825027465]","[0.0, 0.7071067811865476, 0.7071067811865476, 0.0]",True,"[[0.2801167964935303, -0.04431493952870369, 0.981389582157135]]","[[-0.001624697120860219, 0.707108736038208, 0.707099437713623, -0.0022592470049858093]]","[[0.461586058139801, 1.0123517513275146, -0.712194561958313, -1.4084677696228027, 0.7204983830451965, 2.145946741104126, -1.2020556926727295, 0.02683834359049797, 0.02684543840587139]]"
left_gate_pier:pre_release,7059,117.66666666666666,"[0.2801167964935303, -0.04431493952870369, 0.981389582157135]","[0.0, 0.7071067811865476, 0.7071067811865476, 0.0]",True,"[[0.27977797389030457, -0.04429393261671066, 0.9801977872848511]]","[[-0.001507485518231988, 0.7070869207382202, 0.7071217894554138, -0.002166702412068844]]","[[0.4617995023727417, 1.013363242149353, -0.7114192247390747, -1.4100373983383179, 0.7217090129852295, 2.1485612392425537, -1.203020691871643, 0.026791563257575035, 0.02675863914191723]]"
left_gate_pier:release,7095,118.26666666666667,"[0.27977797389030457, -0.04429393261671066, 0.9801977872848511]","[0.0, 0.7071067811865476, 0.7071067811865476, 0.0]",False,"[[0.27932098507881165, -0.04427418112754822, 0.9786612391471863]]","[[-0.001511941198259592, 0.7071171402931213, 0.7070918083190918, -0.002086946042254567]]","[[0.4620720446109772, 1.0147044658660889, -0.710509181022644, -1.4119741916656494, 0.7233799695968628, 2.15151047706604, -1.204167366027832, 0.03932385519146919, 0.03932386264204979]]"
left_gate_pier:retreat,7215,120.26666666666667,"[0.2806438493728638, -0.04435387277603149, 1.18]","[0.0, 0.7071067811865476, 0.7071067811865476, 0.0]",False,"[[0.2805546522140503, -0.04418265447020531, 1.176541805267334]]","[[-0.0014009252190589905, 0.7070908546447754, 0.707118570804596, -0.0020131655037403107]]","[[0.5127177238464355, 0.7762476205825806, -0.8502792716026306, -1.3169077634811401, 0.5756545066833496, 1.8380661010742188, -1.1277576684951782, 0.039999473839998245, 0.03999946638941765]]"
left_gate_pier:settle,7251,120.86666666666666,"[0.2805546522140503, -0.04418265447020531, 1.176541805267334]","[0.0, 0.7071067811865476, 0.7071067811865476, 0.0]",False,"[[0.2805095613002777, -0.04401067644357681, 1.1750620603561401]]","[[-0.0014216729905456305, 0.7070720791816711, 0.7071372866630554, -0.002016256330534816]]","[[0.5135138630867004, 0.7772932648658752, -0.849953293800354, -1.3194036483764648, 0.5767093300819397, 1.8409743309020996, -1.1283737421035767, 0.03999948129057884, 0.039999477565288544]]"
right_gate_pier:clear,7341,122.36666666666666,"[0.2805095613002777, -0.04401067644357681, 1.18]","[0.0, 0.7063739976572885, 0.7078388061088916, 0.0]",False,"[[0.28046751022338867, -0.04382709786295891, 1.178320288658142]]","[[-0.0014284055214375257, 0.7063524723052979, 0.7078559994697571, -0.0020154351368546486]]","[[0.5135614275932312, 0.7748705744743347, -0.8518244624137878, -1.3148765563964844, 0.5750271677970886, 1.8345932960510254, -1.1288758516311646, 0.03999951481819153, 0.03999950364232063]]"
right_gate_pier:hover,7576,126.28333333333333,"[-0.17194606363773346, 0.4071790874004364, 1.18]","[0.0, 0.7063739976572885, 0.7078388061088916, 0.0]",False,"[[-0.16926369071006775, 0.40430906414985657, 1.1792995929718018]]","[[0.00039017730159685016, 0.7068410515785217, 0.7073696255683899, -0.001969651086255908]]","[[1.6905183792114258, -0.15361519157886505, -0.6980282068252563, -2.345637321472168, -0.12367108464241028, 2.2198376655578613, 0.2875599265098572, 0.03998753800988197, 0.03998692333698273]]"
right_gate_pier:descend,7726,128.78333333333333,"[-0.17194606363773346, 0.4071790874004364, 0.9629999294281006]","[0.0, 0.7063739976572885, 0.7078388061088916, 0.0]",False,"[[-0.17215882241725922, 0.4068305790424347, 0.9632024168968201]]","[[0.0009362759301438928, 0.7063468098640442, 0.7078639268875122, -0.001423665671609342]]","[[1.5361030101776123, 0.4099583625793457, -0.480392187833786, -2.406872510910034, 0.4757911264896393, 2.729948043823242, -0.1390734314918518, 0.039996616542339325, 0.03999710828065872]]"
right_gate_pier:open_settle,7750,129.18333333333334,"[-0.17215882241725922, 0.4068305790424347, 0.9632024168968201]","[0.0, 0.7063739976572885, 0.7078388061088916, 0.0]",False,"[[-0.17234033346176147, 0.4065406024456024, 0.9626352190971375]]","[[0.0009094887063838542, 0.706283688545227, 0.7079269886016846, -0.0014218604192137718]]","[[1.5352201461791992, 0.410839319229126, -0.4790273904800415, -2.4075777530670166, 0.47751981019973755, 2.731548547744751, -0.14059609174728394, 0.039996445178985596, 0.03999682515859604]]"
right_gate_pier:close,7810,130.18333333333334,"[-0.17234033346176147, 0.4065406024456024, 0.9626352190971375]","[0.0, 0.7063739976572885, 0.7078388061088916, 0.0]",True,"[[-0.17244002223014832, 0.4063212275505066, 0.9621616005897522]]","[[0.0008367833797819912, 0.7062879204750061, 0.7079235315322876, -0.0009900706354528666]]","[[1.5352363586425781, 0.41191044449806213, -0.47844943404197693, -2.408139944076538, 0.48051297664642334, 2.7337350845336914, -0.14288783073425293, 0.026818078011274338, 0.026790013536810875]]"
right_gate_pier:lift,7960,132.68333333333334,"[-0.17194606363773346, 0.4071790874004364, 1.18]","[0.0, 0.7063739976572885, 0.7078388061088916, 0.0]",True,"[[-0.17131328582763672, 0.4064942002296448, 1.1784569025039673]]","[[0.0009474128601141274, 0.7075042128562927, 0.7067073583602905, -0.0013135698391124606]]","[[1.691728115081787, -0.14918310940265656, -0.6936795115470886, -2.345001220703125, -0.12150881439447403, 2.2233827114105225, 0.2935640215873718, 0.0268325787037611, 0.02684011682868004]]"
right_gate_pier:traverse,8178,136.31666666666666,"[0.28, 0.044, 1.18]","[0.0, 0.7071067811865476, 0.7071067811865476, 0.0]",True,"[[0.27738451957702637, 0.04606391489505768, 1.1781973838806152]]","[[-0.0011345655657351017, 0.7075305581092834, 0.7066753506660461, -0.0030511205550283194]]","[[0.6292344331741333, 0.7504720687866211, -0.8220736384391785, -1.3351515531539917, 0.5434291362762451, 1.8500242233276367, -0.9900926351547241, 0.026833530515432358, 0.026838991791009903]]"
right_gate_pier:lower,8328,138.81666666666666,"[0.280727117061615, 0.0431871528327465, 0.978413381576538]","[0.0, 0.7071067811865476, 0.7071067811865476, 0.0]",True,"[[0.2801869809627533, 0.04316671937704086, 0.9774464964866638]]","[[-0.0013562191743403673, 0.7070951461791992, 0.7071129083633423, -0.002466175239533186]]","[[0.5636997222900391, 1.0060920715332031, -0.681903600692749, -1.4089492559432983, 0.6949900388717651, 2.1616830825805664, -1.069917917251587, 0.02683340571820736, 0.026839163154363632]]"
right_gate_pier:pre_release,8346,139.11666666666667,"[0.2801869809627533, 0.04316671937704086, 0.9774464964866638]","[0.0, 0.7071067811865476, 0.7071067811865476, 0.0]",True,"[[0.27982184290885925, 0.043132562190294266, 0.976222574710846]]","[[-0.0012649291893467307, 0.7070752382278442, 0.7071331739425659, -0.00239842152222991]]","[[0.5638837814331055, 1.0071033239364624, -0.681111216545105, -1.4105868339538574, 0.6961185932159424, 2.164334774017334, -1.0708651542663574, 0.026823000982403755, 0.026805268600583076]]"
right_gate_pier:release,8382,139.71666666666667,"[0.27982184290885925, 0.043132562190294266, 0.976222574710846]","[0.0, 0.7071067811865476, 0.7071067811865476, 0.0]",False,"[[0.27935317158699036, 0.04309310391545296, 0.9746747612953186]]","[[-0.001274184905923903, 0.707114577293396, 0.7070942521095276, -0.0022787090856581926]]","[[0.5641217231750488, 1.008425235748291, -0.6801769733428955, -1.4125791788101196, 0.6978225708007812, 2.167424440383911, -1.0720305442810059, 0.039325617253780365, 0.03932562470436096]]"
right_gate_pier:retreat,8502,141.71666666666667,"[0.280727117061615, 0.0431871528327465, 1.18]","[0.0, 0.7071067811865476, 0.7071067811865476, 0.0]",False,"[[0.28061479330062866, 0.04334576055407524, 1.1764912605285645]]","[[-0.0011672216933220625, 0.7070881724357605, 0.7071211338043213, -0.002182685537263751]]","[[0.616716742515564, 0.7623948454856873, -0.8188768029212952, -1.3188894987106323, 0.5501333475112915, 1.8467203378677368, -0.9952533841133118, 0.03999955952167511, 0.0399995818734169]]"
right_gate_pier:settle,8538,142.31666666666666,"[0.28061479330062866, 0.04334576055407524, 1.1764912605285645]","[0.0, 0.7071067811865476, 0.7071067811865476, 0.0]",False,"[[0.2805473506450653, 0.043510835617780685, 1.1749989986419678]]","[[-0.001187713467516005, 0.707068920135498, 0.707140326499939, -0.002189524006098509]]","[[0.61749666929245, 0.7634210586547852, -0.8185607194900513, -1.3214178085327148, 0.5511571764945984, 1.8496862649917603, -0.9958531260490417, 0.039999570697546005, 0.039999593049287796]]"
gate_lintel:clear,8628,143.81666666666666,"[0.2805473506450653, 0.043510835617780685, 1.18]","[0.0, 0.7153941041080172, 0.6987211717183668, 0.0]",False,"[[0.28048160672187805, 0.04368751123547554, 1.178307056427002]]","[[-0.001167647889815271, 0.7151329517364502, 0.6989840269088745, -0.0022011613473296165]]","[[0.6196759343147278, 0.7626020312309265, -0.824164092540741, -1.3165885210037231, 0.5525345802307129, 1.8421639204025269, -0.9727386832237244, 0.03999960049986839, 0.03999963030219078]]"
gate_lintel:hover,8808,146.81666666666666,"[-0.026201728731393814, -0.4054638743400574, 1.18]","[0.0, 0.7153941041080172, 0.6987211717183668, 0.0]",False,"[[-0.025594059377908707, -0.40431249141693115, 1.1793582439422607]]","[[-0.0012637722538784146, 0.7151097059249878, 0.6990107297897339, -0.0007764370529912412]]","[[0.3160761594772339, 0.339266300201416, -1.1662570238113403, -2.0098702907562256, 0.363711416721344, 2.11487078666687, -1.7864800691604614, 0.03999516740441322, 0.03999459743499756]]"
gate_lintel:descend,9138,152.31666666666666,"[-0.026201728731393814, -0.4054638743400574, 0.9079999556541443]","[0.0, 0.7153941041080172, 0.6987211717183668, 0.0]",False,"[[-0.024220867082476616, -0.4060211181640625, 0.9124500155448914]]","[[1.397998130414635e-05, 0.7171019911766052, 0.6969681978225708, -0.0003292557958047837]]","[[-0.17619892954826355, 0.7779530882835388, -0.5634933114051819, -2.0081145763397217, 0.7594272494316101, 2.566875696182251, -2.028900384902954, 0.03703666105866432, 0.04184717684984207]]"
gate_lintel:open_settle,9162,152.71666666666667,"[-0.024220867082476616, -0.4060211181640625, 0.9124500155448914]","[0.0, 0.7153941041080172, 0.6987211717183668, 0.0]",False,"[[-0.02434913069009781, -0.406168669462204, 0.9125516414642334]]","[[0.00017202571325469762, 0.7074947357177734, 0.7067185640335083, -0.00045981755829416215]]","[[-0.17390719056129456, 0.7789488434791565, -0.5661576390266418, -2.0079452991485596, 0.7622983455657959, 2.5659501552581787, -2.0582275390625, 0.03718699514865875, 0.03829978033900261]]"
gate_lintel:close,9222,153.71666666666667,"[-0.02434913069009781, -0.406168669462204, 0.9125516414642334]","[0.0, 0.7153941041080172, 0.6987211717183668, 0.0]",True,"[[-0.02446804568171501, -0.40622156858444214, 0.9125543236732483]]","[[-1.2790769687853754e-06, 0.7073977589607239, 0.7068157196044922, -0.00022069501574151218]]","[[-0.1664131134748459, 0.7825759053230286, -0.5741628408432007, -2.00691556930542, 0.7722256183624268, 2.5612614154815674, -2.0646181106567383, 0.037298500537872314, 0.038194429129362106]]"
gate_lintel:lift,9372,156.21666666666667,"[-0.026201728731393814, -0.4054638743400574, 1.18]","[0.0, 0.7153941041080172, 0.6987211717183668, 0.0]",True,"[[-0.026078134775161743, -0.40501168370246887, 1.1781117916107178]]","[[-0.0021854452788829803, 0.7136135101318359, 0.7005283832550049, -0.0033125148620456457]]","[[0.17617842555046082, 0.2630533277988434, -1.003262996673584, -2.0160293579101562, 0.2553677260875702, 2.1403563022613525, -1.7188010215759277, 0.026773907244205475, 0.026778684929013252]]"
gate_lintel:traverse,9552,159.21666666666667,"[0.28, 0.0, 1.18]","[0.0, 0.7071067811865476, 0.7071067811865476, 0.0]",True,"[[0.2793184518814087, -0.0005897918017581105, 1.1782320737838745]]","[[-0.0011110330233350396, 0.70662522315979, 0.707580029964447, -0.0031949677504599094]]","[[0.46717366576194763, 0.6913707852363586, -0.6622838973999023, -1.3409298658370972, 0.42130494117736816, 1.8849292993545532, -1.000596523284912, 0.026772093027830124, 0.026777055114507675]]"
gate_lintel:lower,9702,161.71666666666667,"[0.2806465613842011, -0.00031520353513769805, 1.0019246320724486]","[0.0, 0.7071067811865476, 0.7071067811865476, 0.0]",True,"[[0.2801109552383423, -0.0003809010377153754, 1.0008118152618408]]","[[-0.0004774777917191386, 0.7058831453323364, 0.7083138823509216, -0.004500418435782194]]","[[0.42253828048706055, 0.905124306678772, -0.5572624802589417, -1.4378330707550049, 0.5267105102539062, 2.183981418609619, -1.0599267482757568, 0.02677222155034542, 0.0267772413790226]]"
gate_lintel:pre_release,9720,162.01666666666668,"[0.2801109552383423, -0.0003809010377153754, 1.0008118152618408]","[0.0, 0.7071067811865476, 0.7071067811865476, 0.0]",True,"[[0.27976906299591064, -0.0004268446355126798, 0.9995948076248169]]","[[-0.0004299650900065899, 0.7059387564659119, 0.708260178565979, -0.004227291792631149]]","[[0.4216375946998596, 0.9055177569389343, -0.5552125573158264, -1.4398232698440552, 0.5267357230186462, 2.187382698059082, -1.0602240562438965, 0.026796933263540268, 0.026766305789351463]]"
gate_lintel:release,9756,162.61666666666667,"[0.27976906299591064, -0.0004268446355126798, 0.9995948076248169]","[0.0, 0.7071067811865476, 0.7071067811865476, 0.0]",False,"[[0.27932679653167725, -0.00041610823245719075, 0.9980133771896362]]","[[-0.001254948670975864, 0.7068336606025696, 0.7073736786842346, -0.0026646133046597242]]","[[0.42071473598480225, 0.9061852097511292, -0.5530623197555542, -1.442325472831726, 0.5309083461761475, 2.19122052192688, -1.0607447624206543, 0.039324235171079636, 0.03932424262166023]]"
gate_lintel:retreat,9876,164.61666666666667,"[0.2806465613842011, -0.00031520353513769805, 1.18]","[0.0, 0.7071067811865476, 0.7071067811865476, 0.0]",False,"[[0.2805396616458893, -0.0001512852031737566, 1.1766492128372192]]","[[-0.0014186459593474865, 0.7070616483688354, 0.7071473002433777, -0.002160755218937993]]","[[0.4581727087497711, 0.6932403445243835, -0.6500471830368042, -1.3366700410842896, 0.41773685812950134, 1.8879798650741577, -0.9961512088775635, 0.039999477565288544, 0.03999948501586914]]"
gate_lintel:settle,9912,165.21666666666667,"[0.2805396616458893, -0.0001512852031737566, 1.1766492128372192]","[0.0, 0.7071067811865476, 0.7071067811865476, 0.0]",False,"[[0.2804740369319916, 1.5149882528930902e-05, 1.1750966310501099]]","[[-0.0014400082873180509, 0.7070468664169312, 0.7071619033813477, -0.00216805562376976]]","[[0.4588485658168793, 0.6941840648651123, -0.6497943997383118, -1.3393499851226807, 0.41859501600265503, 1.891223669052124, -0.9966257214546204, 0.03999948129057884, 0.03999949246644974]]"
left_lower:clear,10002,166.71666666666667,"[0.2804740369319916, 1.5149882528930902e-05, 1.18]","[0.0, 0.7044952613257142, 0.7097086914851851, 0.0]",False,"[[0.2804099917411804, 0.000193170431884937, 1.1782441139221191]]","[[-0.0014527621679008007, 0.7044986486434937, 0.7097005844116211, -0.0021652362775057554]]","[[0.4585570693016052, 0.6915415525436401, -0.6503384113311768, -1.3350834846496582, 0.41658657789230347, 1.8850258588790894, -1.002257227897644, 0.03999950364232063, 0.03999950736761093]]"
left_lower:hover,10182,169.71666666666667,"[-0.027254300191998482, -0.26897624135017395, 1.18]","[0.0, 0.7044952613257142, 0.7097086914851851, 0.0]",False,"[[-0.027329202741384506, -0.26909545063972473, 1.1794922351837158]]","[[-0.0010643999557942152, 0.70585697889328, 0.7083532810211182, -0.0007395136053673923]]","[[0.42908981442451477, -0.18342573940753937, -0.987153947353363, -2.3241138458251953, -0.19211584329605103, 2.210878372192383, -1.2231568098068237, 0.039997559040784836, 0.03999827057123184]]"
left_lower:descend,10332,172.21666666666667,"[-0.027254300191998482, -0.26897624135017395, 0.9339999670982361]","[0.0, 0.7044952613257142, 0.7097086914851851, 0.0]",False,"[[-0.027667611837387085, -0.2687615752220154, 0.9358271956443787]]","[[-0.001567055587656796, 0.7045921683311462, 0.7096098065376282, -0.0011894062627106905]]","[[0.09260377287864685, 0.5452649593353271, -0.5710582137107849, -2.345395088195801, 0.7340840101242065, 2.7115283012390137, -1.8901962041854858, 0.039988499134778976, 0.03998963534832001]]"
left_lower:open_settle,10356,172.61666666666667,"[-0.027667611837387085, -0.2687615752220154, 0.9358271956443787]","[0.0, 0.7044952613257142, 0.7097086914851851, 0.0]",False,"[[-0.02798965945839882, -0.2686102092266083, 0.9352747201919556]]","[[-0.0014297579182311893, 0.7044654488563538, 0.7097361087799072, -0.0010673911310732365]]","[[0.09123361855745316, 0.5459299683570862, -0.5691472887992859, -2.345978260040283, 0.7363013029098511, 2.713313102722168, -1.892466425895691, 0.03998758643865585, 0.03998856619000435]]"
left_lower:close,10416,173.61666666666667,"[-0.02798965945839882, -0.2686102092266083, 0.9352747201919556]","[0.0, 0.7044952613257142, 0.7097086914851851, 0.0]",True,"[[-0.028255384415388107, -0.2685483396053314, 0.9348351359367371]]","[[-0.0009145549265667796, 0.7043973207473755, 0.7098046541213989, -0.0009819269180297852]]","[[0.09069512784481049, 0.5468102097511292, -0.5680363178253174, -2.346402406692505, 0.7395604848861694, 2.7154123783111572, -1.895331621170044, 0.026842063292860985, 0.026825817301869392]]"
left_lower:lift,10566,176.11666666666667,"[-0.027254300191998482, -0.26897624135017395, 1.18]","[0.0, 0.7044952613257142, 0.7097086914851851, 0.0]",True,"[[-0.027879556640982628, -0.2694651186466217, 1.1766033172607422]]","[[-0.001246422529220581, 0.7046189308166504, 0.7095839977264404, -0.001135790953412652]]","[[0.4377951920032501, -0.18018846213817596, -0.9981715083122253, -2.328320264816284, -0.1920280009508133, 2.218010663986206, -1.2281882762908936, 0.02684003673493862, 0.026848802343010902]]"
left_lower:traverse,10746,179.11666666666667,"[0.28, -0.15, 1.18]","[0.0, 0.7071067811865476, 0.7071067811865476, 0.0]",True,"[[0.2788779139518738, -0.15021878480911255, 1.178109049797058]]","[[-0.002248533768579364, 0.7070602774620056, 0.7071470022201538, -0.00200384552590549]]","[[0.24776382744312286, 0.7641220092773438, -0.6926506161689758, -1.2368402481079102, 0.47392919659614563, 1.8348233699798584, -1.2134658098220825, 0.02684042975306511, 0.02684848941862583]]"
left_lower:lower,10896,181.61666666666667,"[0.2807109045982361, -0.14954088032245635, 0.968970232963562]","[0.0, 0.7071067811865476, 0.7071067811865476, 0.0]",True,"[[0.28012919425964355, -0.14945939183235168, 0.9678915143013]]","[[-0.0021702535450458527, 0.7071297764778137, 0.7070775032043457, -0.002054294105619192]]","[[0.206344872713089, 1.0253994464874268, -0.577540397644043, -1.325196623802185, 0.6001243591308594, 2.1703009605407715, -1.27659010887146, 0.02684032917022705, 0.026848606765270233]]"
left_lower:pre_release,10914,181.91666666666669,"[0.28012919425964355, -0.14945939183235168, 0.9678915143013]","[0.0, 0.7071067811865476, 0.7071067811865476, 0.0]",True,"[[0.27974584698677063, -0.1494200974702835, 0.966606080532074]]","[[-0.00200921343639493, 0.7071117162704468, 0.7070963382720947, -0.0019764923490583897]]","[[0.20653536915779114, 1.026381254196167, -0.5768325924873352, -1.327075719833374, 0.6011263132095337, 2.173344373703003, -1.2775248289108276, 0.02685169130563736, 0.026833122596144676]]"
left_lower:release,10950,182.51666666666668,"[0.27974584698677063, -0.1494200974702835, 0.966606080532074]","[0.0, 0.7071067811865476, 0.7071067811865476, 0.0]",False,"[[0.27924156188964844, -0.14934390783309937, 0.9649428129196167]]","[[-0.0019932056311517954, 0.7071390151977539, 0.7070693373680115, -0.0018745512934401631]]","[[0.20679566264152527, 1.0277146100997925, -0.5759974718093872, -1.3293375968933105, 0.602619469165802, 2.176776647567749, -1.278656244277954, 0.03932713717222214, 0.039327140897512436]]"
left_lower:retreat,11070,184.51666666666668,"[0.2807109045982361, -0.14954088032245635, 1.18]","[0.0, 0.7071067811865476, 0.7071067811865476, 0.0]",False,"[[0.2806437015533447, -0.14938001334667206, 1.1762577295303345]]","[[-0.001886530313640833, 0.7070987820625305, 0.7071099281311035, -0.0018256575567647815]]","[[0.24617187678813934, 0.7715173363685608, -0.6917504072189331, -1.2293344736099243, 0.47735416889190674, 1.835123062133789, -1.2118873596191406, 0.039999544620513916, 0.03999949246644974]]"
left_lower:settle,11106,185.11666666666667,"[0.2806437015533447, -0.14938001334667206, 1.1762577295303345]","[0.0, 0.7071067811865476, 0.7071067811865476, 0.0]",False,"[[0.2806278169155121, -0.1492246389389038, 1.174628734588623]]","[[-0.0019157500937581062, 0.7070798873901367, 0.7071287035942078, -0.0018285055411979556]]","[[0.24700774252414703, 0.7724509835243225, -0.6915201544761658, -1.2322663068771362, 0.47821521759033203, 1.8384979963302612, -1.2124674320220947, 0.03999955952167511, 0.03999951854348183]]"
right_lower:clear,11196,186.61666666666667,"[0.2806278169155121, -0.1492246389389038, 1.18]","[0.0, 0.6982632800165336, 0.7158410380667987, 0.0]",False,"[[0.28061729669570923, -0.1490599662065506, 1.1781505346298218]]","[[-0.001945872325450182, 0.6984642744064331, 0.7156400084495544, -0.0018080056179314852]]","[[0.2447366863489151, 0.7690391540527344, -0.6895378828048706, -1.2269521951675415, 0.47423216700553894, 1.8319482803344727, -1.2341338396072388, 0.03999961540102959, 0.03999955579638481]]"
right_lower:hover,11376,189.61666666666667,"[-0.02430768869817257, -0.13569793105125427, 1.18]","[0.0, 0.6982632800165336, 0.7158410380667987, 0.0]",False,"[[-0.021246740594506264, -0.13570821285247803, 1.1793996095657349]]","[[-0.001171519630588591, 0.697693943977356, 0.7163939476013184, -0.0012479072902351618]]","[[0.5280086398124695, -0.37318292260169983, -0.8200281858444214, -2.4829390048980713, -0.3350667357444763, 2.191232681274414, -0.8675916194915771, 0.0399927981197834, 0.03999288007616997]]"
right_lower:descend,11544,192.41666666666669,"[-0.02430768869817257, -0.13569793105125427, 0.9339999670982361]","[0.0, 0.6982632800165336, 0.7158410380667987, 0.0]",False,"[[-0.024764517322182655, -0.13558891415596008, 0.9379072785377502]]","[[-0.0011708681704476476, 0.698501706123352, 0.7156053185462952, -0.0017482193652540445]]","[[0.34058618545532227, 0.42615121603012085, -0.5231987833976746, -2.528965473175049, 0.7185797095298767, 2.8247244358062744, -1.6468288898468018, 0.03998330235481262, 0.03998424485325813]]"
right_lower:open_settle,11568,192.81666666666666,"[-0.024764517322182655, -0.13558891415596008, 0.9379072785377502]","[0.0, 0.6982632800165336, 0.7158410380667987, 0.0]",False,"[[-0.025073884055018425, -0.13554136455059052, 0.9374858736991882]]","[[-0.0010016266023740172, 0.6982826590538025, 0.7158201932907104, -0.0013821159955114126]]","[[0.33817124366760254, 0.4266480803489685, -0.5202592611312866, -2.5293691158294678, 0.7217963933944702, 2.8266313076019287, -1.6503175497055054, 0.039982568472623825, 0.03998340293765068]]"
right_lower:close,11628,193.81666666666666,"[-0.025073884055018425, -0.13554136455059052, 0.9374858736991882]","[0.0, 0.6982632800165336, 0.7158410380667987, 0.0]",True,"[[-0.02531523071229458, -0.13555073738098145, 0.9371378421783447]]","[[-0.0005676658474840224, 0.6981871724128723, 0.7159143686294556, -0.0010495497845113277]]","[[0.3368798494338989, 0.4274146854877472, -0.5183442234992981, -2.5295774936676025, 0.7258802056312561, 2.828632116317749, -1.6540579795837402, 0.026839938014745712, 0.026821114122867584]]"
right_lower:lift,11797,196.63333333333335,"[-0.02430768869817257, -0.13569793105125427, 1.18]","[0.0, 0.6982632800165336, 0.7158410380667987, 0.0]",True,"[[-0.02459496073424816, -0.13563112914562225, 1.176142930984497]]","[[-0.000932839815504849, 0.6975957155227661, 0.7164895534515381, -0.0014898563968017697]]","[[0.530849277973175, -0.38256531953811646, -0.8271960020065308, -2.4963154792785645, -0.34821298718452454, 2.1974904537200928, -0.8603505492210388, 0.026840655133128166, 0.026848481968045235]]"
right_lower:traverse,11983,199.73333333333335,"[0.28, 0.15, 1.18]","[0.0, 0.7071067811865476, 0.7071067811865476, 0.0]",True,"[[0.2774922549724579, 0.14810572564601898, 1.1779224872589111]]","[[-0.001531910034827888, 0.7067874073982239, 0.7074173092842102, -0.0031654832419008017]]","[[0.5931730270385742, 0.721594512462616, -0.5786744952201843, -1.2545098066329956, 0.3850862383842468, 1.8605188131332397, -0.7670406699180603, 0.026840632781386375, 0.026848267763853073]]"
right_lower:lower,12133,202.23333333333335,"[0.28078442692756655, 0.15041790306568145, 0.9713541803359985]","[0.0, 0.7071067811865476, 0.7071067811865476, 0.0]",True,"[[0.28019246459007263, 0.15028974413871765, 0.9702226519584656]]","[[-0.0012211308348923922, 0.7070537209510803, 0.7071532011032104, -0.002828721422702074]]","[[0.5529987812042236, 0.9882984757423401, -0.4805894196033478, -1.3328057527542114, 0.4954557418823242, 2.196131467819214, -0.8207933902740479, 0.026840679347515106, 0.026848210021853447]]"
right_lower:pre_release,12151,202.53333333333333,"[0.28019246459007263, 0.15028974413871765, 0.9702226519584656]","[0.0, 0.7071067811865476, 0.7071067811865476, 0.0]",True,"[[0.27981945872306824, 0.15019477903842926, 0.9689254760742188]]","[[-0.0011166117619723082, 0.7070631980895996, 0.707144558429718, -0.002645498840138316]]","[[0.5531498193740845, 0.9892537593841553, -0.47994646430015564, -1.3347793817520142, 0.4963984787464142, 2.1993613243103027, -0.8215748071670532, 0.02684497833251953, 0.02682689018547535]]"
right_lower:release,12187,203.13333333333335,"[0.27981945872306824, 0.15019477903842926, 0.9689254760742188]","[0.0, 0.7071067811865476, 0.7071067811865476, 0.0]",False,"[[0.2793167233467102, 0.15006797015666962, 0.9672293066978455]]","[[-0.0011563379084691405, 0.7071205377578735, 0.707087516784668, -0.0025444014463573694]]","[[0.553338885307312, 0.9905788898468018, -0.4791949391365051, -1.3371424674987793, 0.4977414906024933, 2.2029671669006348, -0.8225117921829224, 0.039326783269643784, 0.03932679072022438]]"
right_lower:retreat,12307,205.13333333333335,"[0.28078442692756655, 0.15041790306568145, 1.18]","[0.0, 0.7071067811865476, 0.7071067811865476, 0.0]",False,"[[0.2806560695171356, 0.15053050220012665, 1.1762346029281616]]","[[-0.001088452059775591, 0.7070882320404053, 0.7071202993392944, -0.0024655484594404697]]","[[0.5875977277755737, 0.7366555333137512, -0.575524091720581, -1.2330931425094604, 0.3896457552909851, 1.8561345338821411, -0.76296466588974, 0.039999574422836304, 0.03999963775277138]]"
right_lower:settle,12343,205.73333333333335,"[0.2806560695171356, 0.15053050220012665, 1.1762346029281616]","[0.0, 0.7071067811865476, 0.7071067811865476, 0.0]",False,"[[0.28057748079299927, 0.15065744519233704, 1.1745620965957642]]","[[-0.0011130935745313764, 0.7070705890655518, 0.7071377038955688, -0.0024826768785715103]]","[[0.5883350968360901, 0.7375240921974182, -0.5753317475318909, -1.2361420392990112, 0.3903769552707672, 1.8596962690353394, -0.7634537220001221, 0.0399995818734169, 0.039999645203351974]]"
left_upper:clear,12433,207.23333333333335,"[0.28057748079299927, 0.15065744519233704, 1.18]","[0.0, 0.7044385203849437, 0.7097650111113335, 0.0]",False,"[[0.28050026297569275, 0.15079480409622192, 1.1781041622161865]]","[[-0.001128866453655064, 0.7044665813446045, 0.709731936454773, -0.0024834158830344677]]","[[0.5875672698020935, 0.7350619435310364, -0.5756251811981201, -1.2306474447250366, 0.38856208324432373, 1.8524141311645508, -0.7692757844924927, 0.039999593049287796, 0.03999965637922287]]"
left_upper:hover,12613,210.23333333333335,"[-0.022114988416433334, 0.0011132522486150265, 1.18]","[0.0, 0.7044385203849437, 0.7097650111113335, 0.0]",False,"[[-0.019288919866085052, 0.0026902665849775076, 1.1793746948242188]]","[[-0.000787694938480854, 0.703969419002533, 0.710227906703949, -0.0016727992333471775]]","[[0.7144176959991455, -0.4082378149032593, -0.6933984160423279, -2.5427050590515137, -0.3189244568347931, 2.1931939125061035, -0.5403494834899902, 0.03998576104640961, 0.03998611867427826]]"
left_upper:descend,12778,212.98333333333335,"[-0.022114988416433334, 0.0011132522486150265, 0.9339999670982361]","[0.0, 0.7044385203849437, 0.7097650111113335, 0.0]",False,"[[-0.022572632879018784, 0.001124054891988635, 0.937861442565918]]","[[-0.00056409154785797, 0.7045886516571045, 0.7096130847930908, -0.0019714573863893747]]","[[0.5784921646118164, 0.37359488010406494, -0.4432993233203888, -2.59757137298584, 0.6511732339859009, 2.8827242851257324, -1.2657678127288818, 0.039978984743356705, 0.03997950628399849]]"
left_upper:open_settle,12802,213.38333333333335,"[-0.022572632879018784, 0.001124054891988635, 0.937861442565918]","[0.0, 0.7044385203849437, 0.7097650111113335, 0.0]",False,"[[-0.022874576970934868, 0.001084245159290731, 0.9374632239341736]]","[[-0.0005368568236008286, 0.7044198513031006, 0.7097817063331604, -0.0015654033049941063]]","[[0.5757202506065369, 0.37419894337654114, -0.43996337056159973, -2.597930908203125, 0.6546605229377747, 2.884664297103882, -1.269335150718689, 0.03997864946722984, 0.03997914865612984]]"
left_upper:close,12862,214.38333333333335,"[-0.022874576970934868, 0.001084245159290731, 0.9374632239341736]","[0.0, 0.7044385203849437, 0.7097650111113335, 0.0]",True,"[[-0.02309061959385872, 0.0010141902603209019, 0.9371313452720642]]","[[-0.00024315182236023247, 0.7043612003326416, 0.7098410129547119, -0.0011068874737247825]]","[[0.5741543173789978, 0.37503641843795776, -0.43769189715385437, -2.59808611869812, 0.6590406894683838, 2.8867573738098145, -1.2732130289077759, 0.02684636227786541, 0.02682020515203476]]"
left_upper:lift,13027,217.13333333333335,"[-0.022114988416433334, 0.0011132522486150265, 1.18]","[0.0, 0.7044385203849437, 0.7097650111113335, 0.0]",True,"[[-0.022418804466724396, 0.0011157492408528924, 1.1760598421096802]]","[[-0.0004559246590360999, 0.7037467956542969, 0.710448682308197, -0.001732207601889968]]","[[0.7175313830375671, -0.4169537425041199, -0.7025930285453796, -2.5559842586517334, -0.3316395580768585, 2.1998374462127686, -0.5353767275810242, 0.0268408190459013, 0.026849281042814255]]"
left_upper:traverse,13217,220.3,"[0.28, -0.15, 1.18]","[0.0, 0.7071067811865476, 0.7071067811865476, 0.0]",True,"[[0.27720722556114197, -0.1484614759683609, 1.1779557466506958]]","[[-0.00239782826974988, 0.7069410085678101, 0.7072639465332031, -0.0025245165452361107]]","[[0.26699167490005493, 0.763886034488678, -0.7149143815040588, -1.2494765520095825, 0.48679178953170776, 1.8354142904281616, -1.2197394371032715, 0.02684098295867443, 0.026849621906876564]]"
left_upper:lower,13367,222.8,"[0.28082537531852725, -0.15016003847122192, 1.0153396368026733]","[0.0, 0.7071067811865476, 0.7071067811865476, 0.0]",True,"[[0.2803587019443512, -0.15005601942539215, 1.014100193977356]]","[[-0.0021255656611174345, 0.7071214318275452, 0.7070859670639038, -0.002050861017778516]]","[[0.23631355166435242, 0.9579776525497437, -0.626054584980011, -1.339792251586914, 0.5896091461181641, 2.10489821434021, -1.2746073007583618, 0.026840848848223686, 0.026849830523133278]]"
left_upper:pre_release,13385,223.1,"[0.2803587019443512, -0.15005601942539215, 1.014100193977356]","[0.0, 0.7071067811865476, 0.7071067811865476, 0.0]",True,"[[0.2800687849521637, -0.15002265572547913, 1.0128852128982544]]","[[-0.0019158055074512959, 0.7071052193641663, 0.7071030139923096, -0.0019650706090033054]]","[[0.23659582436084747, 0.9588451981544495, -0.6254792809486389, -1.3417373895645142, 0.5905640721321106, 2.1079254150390625, -1.275457501411438, 0.0268490482121706, 0.026832258328795433]]"
left_upper:release,13421,223.70000000000002,"[0.2800687849521637, -0.15002265572547913, 1.0128852128982544]","[0.0, 0.7071067811865476, 0.7071067811865476, 0.0]",False,"[[0.2796732485294342, -0.14993052184581757, 1.0112426280975342]]","[[-0.0019373337272554636, 0.7071244716644287, 0.7070840001106262, -0.0018738473299890757]]","[[0.236928328871727, 0.9601135849952698, -0.624731719493866, -1.3440439701080322, 0.5920048952102661, 2.1112046241760254, -1.2764835357666016, 0.039327025413513184, 0.03932702913880348]]"
left_upper:retreat,13541,225.70000000000002,"[0.28082537531852725, -0.15016003847122192, 1.18]","[0.0, 0.7071067811865476, 0.7071067811865476, 0.0]",False,"[[0.28077346086502075, -0.1499972939491272, 1.1766997575759888]]","[[-0.001880246214568615, 0.7070929408073425, 0.7071158289909363, -0.0018223330844193697]]","[[0.25566843152046204, 0.7791545391082764, -0.7114483118057251, -1.225712537765503, 0.4929473400115967, 1.8291972875595093, -1.2189534902572632, 0.03999955207109451, 0.039999499917030334]]"
left_upper:settle,13577,226.3,"[0.28077346086502075, -0.1499972939491272, 1.1766997575759888]","[0.0, 0.7071067811865476, 0.7071067811865476, 0.0]",False,"[[0.2807599902153015, -0.149841770529747, 1.1750762462615967]]","[[-0.001904859789647162, 0.7070804834365845, 0.7071282863616943, -0.0018247589468955994]]","[[0.2565292716026306, 0.7800986170768738, -0.7112196087837219, -1.2286375761032104, 0.4938272535800934, 1.832553744316101, -1.2195308208465576, 0.03999956324696541, 0.039999522268772125]]"
right_upper:clear,13667,227.8,"[0.2807599902153015, -0.149841770529747, 1.18]","[0.0, 0.7135274149680726, 0.7006273104075946, 0.0]",False,"[[0.2807512581348419, -0.14967681467533112, 1.178169846534729]]","[[-0.0018949470249935985, 0.7133281826972961, 0.7008252739906311, -0.0018397191306576133]]","[[0.2578966021537781, 0.7791725397109985, -0.7154926061630249, -1.2236618995666504, 0.49498704075813293, 1.8255387544631958, -1.2014801502227783, 0.039999596774578094, 0.039999548345804214]]"
right_upper:hover,13854,230.91666666666669,"[-0.023869318887591362, 0.1343335211277008, 1.18]","[0.0, 0.7135274149680726, 0.7006273104075946, 0.0]",False,"[[-0.021161122247576714, 0.1315739005804062, 1.179352879524231]]","[[-0.0005893469206057489, 0.7130811810493469, 0.7010790109634399, -0.0018120052991434932]]","[[0.9627318382263184, -0.3231898546218872, -0.6448148488998413, -2.491659641265869, -0.2411070466041565, 2.212125778198242, -0.2783726453781128, 0.03998463228344917, 0.0399848036468029]]"
right_upper:descend,14004,233.41666666666669,"[-0.023869318887591362, 0.1343335211277008, 0.9339999670982361]","[0.0, 0.7135274149680726, 0.7006273104075946, 0.0]",False,"[[-0.02427370660007, 0.134160578250885, 0.9367300271987915]]","[[-6.739411037415266e-05, 0.7135125994682312, 0.7006399631500244, -0.001890270970761776]]","[[0.8163539171218872, 0.3957369327545166, -0.39447906613349915, -2.5441222190856934, 0.5720935463905334, 2.8664674758911133, -0.8729125261306763, 0.039982736110687256, 0.039982810616493225]]"
right_upper:open_settle,14028,233.81666666666666,"[-0.02427370660007, 0.134160578250885, 0.9367300271987915]","[0.0, 0.7135274149680726, 0.7006273104075946, 0.0]",False,"[[-0.024574168026447296, 0.13402602076530457, 0.9362714886665344]]","[[-0.00012840720592066646, 0.7134556770324707, 0.7006984949111938, -0.0016505807870998979]]","[[0.8142899870872498, 0.39651963114738464, -0.39190956950187683, -2.5446057319641113, 0.5747735500335693, 2.8683459758758545, -0.8754170536994934, 0.03998284786939621, 0.03998301550745964]]"
right_upper:close,14088,234.81666666666666,"[-0.024574168026447296, 0.13402602076530457, 0.9362714886665344]","[0.0, 0.7135274149680726, 0.7006273104075946, 0.0]",True,"[[-0.02476527914404869, 0.13388659060001373, 0.9358953237533569]]","[[6.292267789831385e-05, 0.7134631276130676, 0.7006918787956238, -0.0011665404308587313]]","[[0.8131580352783203, 0.3974699378013611, -0.3901430070400238, -2.5448930263519287, 0.5785154104232788, 2.870612382888794, -0.8785443305969238, 0.026852594688534737, 0.026818769052624702]]"
right_upper:lift,14238,237.31666666666666,"[-0.023869318887591362, 0.1343335211277008, 1.18]","[0.0, 0.7135274149680726, 0.7006273104075946, 0.0]",True,"[[-0.024108486250042915, 0.1341833770275116, 1.1769837141036987]]","[[5.451979814097285e-05, 0.7131625413894653, 0.7009967565536499, -0.00170209351927042]]","[[0.975636899471283, -0.3279035985469818, -0.6511381268501282, -2.500936508178711, -0.2491757571697235, 2.218411922454834, -0.26456567645072937, 0.026840785518288612, 0.026850223541259766]]"
right_upper:traverse,14418,240.31666666666666,"[0.28, 0.15, 1.18]","[0.0, 0.7071067811865476, 0.7071067811865476, 0.0]",True,"[[0.27731019258499146, 0.15006302297115326, 1.1779671907424927]]","[[-0.0012411396019160748, 0.7068535089492798, 0.707351803779602, -0.003175587859004736]]","[[0.623631477355957, 0.7358197569847107, -0.624819278717041, -1.2510911226272583, 0.4190445840358734, 1.8523151874542236, -0.7793380618095398, 0.02684147283434868, 0.026849348098039627]]"
right_upper:lower,14568,242.81666666666666,"[0.28074058771133426, 0.1497250735759735, 1.0141297817230224]","[0.0, 0.7071067811865476, 0.7071067811865476, 0.0]",True,"[[0.2802516222000122, 0.1496640294790268, 1.0128568410873413]]","[[-0.0011750123230740428, 0.7070558667182922, 0.7071512341499329, -0.002797602443024516]]","[[0.5957270264625549, 0.9304739832878113, -0.5460811853408813, -1.3465697765350342, 0.5125685334205627, 2.1301286220550537, -0.831013023853302, 0.026841534301638603, 0.02684932015836239]]"
right_upper:pre_release,14586,243.11666666666667,"[0.2802516222000122, 0.1496640294790268, 1.0128568410873413]","[0.0, 0.7071067811865476, 0.7071067811865476, 0.0]",True,"[[0.2799643576145172, 0.1496071070432663, 1.0116345882415771]]","[[-0.0010382840409874916, 0.7070657014846802, 0.7071424126625061, -0.002571455202996731]]","[[0.5959838628768921, 0.9313163757324219, -0.5455381870269775, -1.3485738039016724, 0.5135506987571716, 2.1333155632019043, -0.8317590355873108, 0.02685399539768696, 0.02683301642537117]]"
right_upper:release,14622,243.71666666666667,"[0.2799643576145172, 0.1496071070432663, 1.0116345882415771]","[0.0, 0.7071067811865476, 0.7071067811865476, 0.0]",False,"[[0.27955228090286255, 0.14953072369098663, 1.0099647045135498]]","[[-0.0010921683860942721, 0.7071112394332886, 0.7070971131324768, -0.002514044288545847]]","[[0.5962675213813782, 0.932587742805481, -0.5448616147041321, -1.3509409427642822, 0.5148656368255615, 2.136715888977051, -0.8326292037963867, 0.03932728245854378, 0.03932730108499527]]"
right_upper:retreat,14742,245.71666666666667,"[0.28074058771133426, 0.1497250735759735, 1.18]","[0.0, 0.7071067811865476, 0.7071067811865476, 0.0]",False,"[[0.2806242108345032, 0.14984868466854095, 1.1766546964645386]]","[[-0.0010596750071272254, 0.707084596157074, 0.7071239948272705, -0.0024544675834476948]]","[[0.6149258613586426, 0.7491505742073059, -0.6222454309463501, -1.2315545082092285, 0.42399540543556213, 1.8476911783218384, -0.7791867852210999, 0.039999593049287796, 0.03999966010451317]]"
right_upper:settle,14778,246.31666666666666,"[0.2806242108345032, 0.14984868466854095, 1.1766546964645386]","[0.0, 0.7071067811865476, 0.7071067811865476, 0.0]",False,"[[0.28054696321487427, 0.14998051524162292, 1.174999475479126]]","[[-0.0010807361686602235, 0.7070719003677368, 0.7071365118026733, -0.0024683205410838127]]","[[0.6157114505767822, 0.7500398755073547, -0.6220431923866272, -1.2345675230026245, 0.4247779846191406, 1.8511937856674194, -0.7796972393989563, 0.03999960049986839, 0.039999667555093765]]"
left_cornice:clear,14868,247.81666666666666,"[0.28054696321487427, 0.14998051524162292, 1.18]","[0.0, 0.7104551846524748, 0.7037424462119775, 0.0]",False,"[[0.2804704010486603, 0.15012267231941223, 1.1781344413757324]]","[[-0.0010746985208243132, 0.7103278636932373, 0.7038658857345581, -0.002475220710039139]]","[[0.6165226697921753, 0.7485647797584534, -0.6248984336853027, -1.2296257019042969, 0.424976110458374, 1.8443608283996582, -0.7698495388031006, 0.03999961167573929, 0.03999968245625496]]"
left_cornice:hover,15048,250.81666666666666,"[-0.023671070113778114, 0.27015212178230286, 1.18]","[0.0, 0.7104551846524748, 0.7037424462119775, 0.0]",False,"[[-0.02266295999288559, 0.26893746852874756, 1.1793088912963867]]","[[0.00012511339446064085, 0.7106782793998718, 0.703515350818634, -0.0016251179622486234]]","[[1.2282463312149048, -0.11184361577033997, -0.6469977498054504, -2.31425404548645, -0.085662841796875, 2.2199625968933105, -0.13892872631549835, 0.039992108941078186, 0.03999215364456177]]"
left_cornice:descend,15378,256.31666666666666,"[-0.023671070113778114, 0.27015212178230286, 0.905999921798706]","[0.0, 0.7104551846524748, 0.7037424462119775, 0.0]",False,"[[-0.021480295807123184, 0.27094191312789917, 0.9125784039497375]]","[[-0.005230526439845562, 0.6871086359024048, 0.7265064716339111, 0.0065529681742191315]]","[[1.0096662044525146, 0.5633087158203125, -0.3458222448825836, -2.319638252258301, 0.6279709339141846, 2.8077785968780518, -0.7260985970497131, 0.03927244991064072, 0.04219856485724449]]"
left_cornice:open_settle,15402,256.7166666666667,"[-0.021480295807123184, 0.27094191312789917, 0.9125784039497375]","[0.0, 0.7104551846524748, 0.7037424462119775, 0.0]",False,"[[-0.02183529920876026, 0.2713874280452728, 0.912575900554657]]","[[-0.0018126309150829911, 0.6926513314247131, 0.7212663888931274, 0.0023845473770052195]]","[[1.0334417819976807, 0.5678316950798035, -0.3676712214946747, -2.3183183670043945, 0.6263446807861328, 2.7983927726745605, -0.7036283016204834, 0.04017620161175728, 0.04122518002986908]]"
left_cornice:close,15462,257.7166666666667,"[-0.02183529920876026, 0.2713874280452728, 0.912575900554657]","[0.0, 0.7104551846524748, 0.7037424462119775, 0.0]",True,"[[-0.02206169068813324, 0.27155011892318726, 0.9125588536262512]]","[[-0.0003231982991565019, 0.6951560378074646, 0.718858540058136, 0.0006837801774963737]]","[[1.0640567541122437, 0.5749304890632629, -0.394609659910202, -2.31533145904541, 0.6504375338554382, 2.7878165245056152, -0.7107213139533997, 0.04022923484444618, 0.04105634242296219]]"
left_cornice:lift,15612,260.2166666666667,"[-0.023671070113778114, 0.27015212178230286, 1.18]","[0.0, 0.7104551846524748, 0.7037424462119775, 0.0]",True,"[[-0.0231106448918581, 0.26889467239379883, 1.1780927181243896]]","[[0.001062421128153801, 0.711402177810669, 0.7027825117111206, -0.0016482215141877532]]","[[1.371704339981079, -0.12587682902812958, -0.7872858643531799, -2.3166539669036865, -0.11543390899896622, 2.221511125564575, -0.11443872004747391, 0.030824003741145134, 0.030815578997135162]]"
left_cornice:traverse,15817,263.6333333333333,"[0.28, -0.15, 1.18]","[0.0, 0.7071067811865476, 0.7071067811865476, 0.0]",True,"[[0.27796539664268494, -0.14725220203399658, 1.1781444549560547]]","[[-0.0017016169149428606, 0.7073100805282593, 0.7068952322006226, -0.002947791013866663]]","[[0.31202417612075806, 0.7962629199028015, -0.7950783371925354, -1.24167799949646, 0.5500423312187195, 1.815860629081726, -1.243288278579712, 0.030821485444903374, 0.030824553221464157]]"
left_cornice:lower,15967,266.1333333333333,"[0.2807089376449585, -0.14843239784240722, 1.0348735847473145]","[0.0, 0.7071067811865476, 0.7071067811865476, 0.0]",True,"[[0.2803264856338501, -0.14834733307361603, 1.0336921215057373]]","[[-0.0017509052995592356, 0.7069674134254456, 0.7072399854660034, -0.002391217974945903]]","[[0.29079633951187134, 0.9579087495803833, -0.7116668224334717, -1.3381417989730835, 0.6459861993789673, 2.055569887161255, -1.2969000339508057, 0.030821073800325394, 0.030826052650809288]]"
left_cornice:pre_release,15985,266.43333333333334,"[0.2803264856338501, -0.14834733307361603, 1.0336921215057373]","[0.0, 0.7071067811865476, 0.7071067811865476, 0.0]",True,"[[0.28006115555763245, -0.1482955813407898, 1.0324419736862183]]","[[-0.0016771921655163169, 0.7069571018218994, 0.707250714302063, -0.0023331311531364918]]","[[0.29102709889411926, 0.9587791562080383, -0.7109110951423645, -1.34001624584198, 0.6468892097473145, 2.058286666870117, -1.2976813316345215, 0.030799955129623413, 0.030791280791163445]]"
left_cornice:release,16021,267.03333333333336,"[0.28006115555763245, -0.1482955813407898, 1.0324419736862183]","[0.0, 0.7071067811865476, 0.7071067811865476, 0.0]",False,"[[0.27971941232681274, -0.1481982320547104, 1.0308345556259155]]","[[-0.0018193903379142284, 0.7070872187614441, 0.7071213126182556, -0.0019530074205249548]]","[[0.29126212000846863, 0.9599036574363708, -0.7099342942237854, -1.342333436012268, 0.648842990398407, 2.061418294906616, -1.298669695854187, 0.03953150659799576, 0.039531510323286057]]"
left_cornice:retreat,16141,269.03333333333336,"[0.2807089376449585, -0.14843239784240722, 1.18]","[0.0, 0.7071067811865476, 0.7071067811865476, 0.0]",False,"[[0.28066667914390564, -0.14826753735542297, 1.1769182682037354]]","[[-0.0018138550221920013, 0.7070971727371216, 0.7071118354797363, -0.0018131323158740997]]","[[0.30240705609321594, 0.807368814945221, -0.7915045022964478, -1.2240941524505615, 0.5560262203216553, 1.8112274408340454, -1.243499994277954, 0.039999522268772125, 0.039999477565288544]]"
left_cornice:settle,16177,269.6333333333333,"[0.28066667914390564, -0.14826753735542297, 1.1769182682037354]","[0.0, 0.7071067811865476, 0.7071067811865476, 0.0]",False,"[[0.2806570529937744, -0.14811058342456818, 1.1753273010253906]]","[[-0.00183585612103343, 0.707086980342865, 0.7071220278739929, -0.0018140507163479924]]","[[0.3033217787742615, 0.8083714246749878, -0.7912522554397583, -1.2269259691238403, 0.5569899678230286, 1.8144389390945435, -1.2441238164901733, 0.03999952971935272, 0.03999949246644974]]"
right_cornice:clear,16267,271.1333333333333,"[0.2806570529937744, -0.14811058342456818, 1.18]","[0.0, 0.6993913179301302, 0.7147389624219149, 0.0]",False,"[[0.28065165877342224, -0.1479441523551941, 1.1782084703445435]]","[[-0.0018602525815367699, 0.6995723843574524, 0.7145571708679199, -0.0017961401026695967]]","[[0.3015501797199249, 0.8053739070892334, -0.7898441553115845, -1.222634196281433, 0.5535443425178528, 1.8093100786209106, -1.263034462928772, 0.03999956697225571, 0.03999951481819153]]"
right_cornice:hover,16461,274.3666666666667,"[-0.02508498728275299, 0.40733692049980164, 1.18]","[0.0, 0.6993913179301302, 0.7147389624219149, 0.0]",False,"[[-0.02382676489651203, 0.4039834439754486, 1.1790083646774292]]","[[0.0002404257538728416, 0.6976242065429688, 0.7164598703384399, -0.0024174253921955824]]","[[1.5193634033203125, 0.20613835752010345, -0.7834886908531189, -2.0147106647491455, 0.17260143160820007, 2.150053024291992, -0.16130690276622772, 0.03999917209148407, 0.03999990224838257]]"
right_cornice:descend,16791,279.8666666666667,"[-0.02508498728275299, 0.40733692049980164, 0.905999921798706]","[0.0, 0.6993913179301302, 0.7147389624219149, 0.0]",False,"[[-0.023617494851350784, 0.40879881381988525, 0.9125429391860962]]","[[-0.0015917853452265263, 0.6776041388511658, 0.7354212999343872, 0.0023943784181028605]]","[[1.2530865669250488, 0.7337958812713623, -0.44353774189949036, -2.0152993202209473, 0.6209209561347961, 2.619720935821533, -0.5068321228027344, 0.03896578028798103, 0.04133269190788269]]"
right_cornice:open_settle,16815,280.26666666666665,"[-0.023617494851350784, 0.40879881381988525, 0.9125429391860962]","[0.0, 0.6993913179301302, 0.7147389624219149, 0.0]",False,"[[-0.023857740685343742, 0.40900057554244995, 0.9125704765319824]]","[[-0.0010692941723391414, 0.6770432591438293, 0.7359411120414734, 0.0014307922683656216]]","[[1.266749620437622, 0.7382699847221375, -0.45685672760009766, -2.0135586261749268, 0.6335959434509277, 2.6128292083740234, -0.5149854421615601, 0.040117908269166946, 0.04091446474194527]]"
right_cornice:close,16875,281.26666666666665,"[-0.023857740685343742, 0.40900057554244995, 0.9125704765319824]","[0.0, 0.6993913179301302, 0.7147389624219149, 0.0]",True,"[[-0.023964274674654007, 0.4090796411037445, 0.9125698804855347]]","[[-0.000827967538498342, 0.6769779324531555, 0.7360019683837891, 0.0011789618292823434]]","[[1.297796607017517, 0.7497904896736145, -0.4876876175403595, -2.009662389755249, 0.670666515827179, 2.599472761154175, -0.5374191403388977, 0.04020947217941284, 0.04081296548247337]]"
right_cornice:lift,17025,283.76666666666665,"[-0.02508498728275299, 0.40733692049980164, 1.18]","[0.0, 0.6993913179301302, 0.7147389624219149, 0.0]",True,"[[-0.02547523006796837, 0.4076574444770813, 1.178175926208496]]","[[0.005159834399819374, 0.6979904770851135, 0.7160879373550415, -0.0008729958208277822]]","[[1.5954596996307373, 0.22845213115215302, -0.8588274121284485, -2.0113255977630615, 0.19410523772239685, 2.152086019515991, -0.16905155777931213, 0.030725529417395592, 0.03118966892361641]]"
right_cornice:traverse,17205,286.76666666666665,"[0.28, 0.15000000000000002, 1.18]","[0.0, 0.7071067811865476, 0.7071067811865476, 0.0]",True,"[[0.27957022190093994, 0.1505691260099411, 1.1783980131149292]]","[[0.000870332820340991, 0.7069558501243591, 0.7072557210922241, -0.0014202954480424523]]","[[0.6980442404747009, 0.7904420495033264, -0.7615451216697693, -1.2313331365585327, 0.527827262878418, 1.8235926628112793, -0.8240206241607666, 0.030736234039068222, 0.031207283958792686]]"
right_cornice:lower,17355,289.26666666666665,"[0.2800872910022736, 0.1522582858800888, 1.0346958436965943]","[0.0, 0.7071067811865476, 0.7071067811865476, 0.0]",True,"[[0.2799076735973358, 0.15216372907161713, 1.0336328744888306]]","[[0.0008414462208747864, 0.7067859768867493, 0.7074251174926758, -0.0016624884447082877]]","[[0.6843761205673218, 0.9454995393753052, -0.6814291477203369, -1.3406989574432373, 0.6170899271965027, 2.070178747177124, -0.8738572001457214, 0.030735554173588753, 0.031207239255309105]]"
right_cornice:pre_release,17373,289.56666666666666,"[0.2799076735973358, 0.15216372907161713, 1.0336328744888306]","[0.0, 0.7071067811865476, 0.7071067811865476, 0.0]",True,"[[0.27978259325027466, 0.15210352838039398, 1.032429575920105]]","[[0.000844912719912827, 0.7067789435386658, 0.7074323296546936, -0.0015655804891139269]]","[[0.6840323805809021, 0.946602463722229, -0.6803308725357056, -1.3417109251022339, 0.6177242994308472, 2.0725443363189697, -0.8743917346000671, 0.0307320524007082, 0.031225355342030525]]"
right_cornice:release,17409,290.1666666666667,"[0.27978259325027466, 0.15210352838039398, 1.032429575920105]","[0.0, 0.7071067811865476, 0.7071067811865476, 0.0]",False,"[[0.27942633628845215, 0.15205435454845428, 1.0308088064193726]]","[[-0.0005595688126049936, 0.7070438861846924, 0.7071659564971924, -0.002237665234133601]]","[[0.6833028793334961, 0.948183000087738, -0.6790523529052734, -1.3421437740325928, 0.619151771068573, 2.071735382080078, -0.8745303750038147, 0.03953508287668228, 0.03953510522842407]]"
right_cornice:retreat,17529,292.1666666666667,"[0.2800872910022736, 0.1522582858800888, 1.18]","[0.0, 0.7071067811865476, 0.7071067811865476, 0.0]",False,"[[0.27998441457748413, 0.15239101648330688, 1.176903247833252]]","[[-0.0009567724773660302, 0.7070935368537903, 0.7071153521537781, -0.00240321084856987]]","[[0.6953122019767761, 0.7947447896003723, -0.757454514503479, -1.2248625755310059, 0.5288128852844238, 1.8191347122192383, -0.8205668926239014, 0.03999963030219078, 0.03999969735741615]]"
right_cornice:settle,17565,292.76666666666665,"[0.27998441457748413, 0.15239101648330688, 1.176903247833252]","[0.0, 0.7071067811865476, 0.7071067811865476, 0.0]",False,"[[0.27991145849227905, 0.15252995491027832, 1.1752985715866089]]","[[-0.000978165538981557, 0.7070835828781128, 0.7071252465248108, -0.002415107097476721]]","[[0.6962034106254578, 0.7957217693328857, -0.7572107911109924, -1.22773277759552, 0.5297399759292603, 1.8224058151245117, -0.8211672902107239, 0.03999963775277138, 0.03999970108270645]]"
gate_merlon_0:clear,17655,294.26666666666665,"[0.27991145849227905, 0.15252995491027832, 1.18]","[0.0, 0.71024531210132, 0.703954257489859, 0.0]",False,"[[0.2798386812210083, 0.1526792049407959, 1.1781948804855347]]","[[-0.0009735823259688914, 0.7101361155509949, 0.7040596008300781, -0.002420499688014388]]","[[0.6967765688896179, 0.7944564819335938, -0.7601203322410583, -1.2231512069702148, 0.529873788356781, 1.8161159753799438, -0.8117760419845581, 0.039999641478061676, 0.03999970853328705]]"
gate_merlon_0:hover,17835,297.26666666666665,"[0.11914677172899246, -0.4045708179473877, 1.18]","[0.0, 0.71024531210132, 0.703954257489859, 0.0]",False,"[[0.11945292353630066, -0.4033800959587097, 1.1786710023880005]]","[[-0.0019477159949019551, 0.7101773023605347, 0.7040193676948547, -0.0010887953685596585]]","[[0.05590604618191719, 0.6743443608283997, -0.9022647142410278, -1.5042600631713867, 0.54385906457901, 1.9080102443695068, -1.7003296613693237, 0.03999972715973854, 0.0399995855987072]]"
gate_merlon_0:descend,17985,299.76666666666665,"[0.11914677172899246, -0.4045708179473877, 0.9119999299049377]","[0.0, 0.71024531210132, 0.703954257489859, 0.0]",False,"[[0.1190972626209259, -0.404498428106308, 0.9125559329986572]]","[[-0.00027465313905850053, 0.7092115879058838, 0.7049955129623413, 0.00048805170808918774]]","[[-0.08532063663005829, 1.0544588565826416, -0.6589761972427368, -1.5284483432769775, 0.7960673570632935, 2.298891544342041, -1.827121615409851, 0.03891169652342796, 0.039350882172584534]]"
gate_merlon_0:open_settle,18009,300.1666666666667,"[0.1190972626209259, -0.404498428106308, 0.9125559329986572]","[0.0, 0.71024531210132, 0.703954257489859, 0.0]",False,"[[0.1191515401005745, -0.40441837906837463, 0.9125643372535706]]","[[-0.00016620800306554884, 0.7090098261833191, 0.7051985859870911, 0.0002666336658876389]]","[[-0.08436200022697449, 1.0549598932266235, -0.6600126624107361, -1.528465747833252, 0.7968205809593201, 2.2987732887268066, -1.827757716178894, 0.03888309374451637, 0.03938046097755432]]"
gate_merlon_0:close,18069,301.1666666666667,"[0.1191515401005745, -0.40441837906837463, 0.9125643372535706]","[0.0, 0.71024531210132, 0.703954257489859, 0.0]",True,"[[0.11921723932027817, -0.40433648228645325, 0.9125643372535706]]","[[1.898191294458229e-05, 0.709001898765564, 0.7052066326141357, -6.057248174329288e-05]]","[[-0.08307521045207977, 1.055705189704895, -0.6614487171173096, -1.5284582376480103, 0.7978703379631042, 2.2986927032470703, -1.8278957605361938, 0.038845110684633255, 0.03942117840051651]]"
gate_merlon_0:lift,18219,303.6666666666667,"[0.11914677172899246, -0.4045708179473877, 1.18]","[0.0, 0.71024531210132, 0.703954257489859, 0.0]",True,"[[0.1192656010389328, -0.4043327271938324, 1.1776272058486938]]","[[-0.0015411259373649955, 0.71019047498703, 0.7040079832077026, 9.010131907416508e-05]]","[[0.06154002249240875, 0.6831006407737732, -0.9145531058311462, -1.5031450986862183, 0.5584779977798462, 1.9059427976608276, -1.708541989326477, 0.022646930068731308, 0.022778281942009926]]"
gate_merlon_0:traverse,18399,306.6666666666667,"[0.28, -0.043999999999999984, 1.18]","[0.0, 0.7071067811865476, 0.7071067811865476, 0.0]",True,"[[0.2797301113605499, -0.04441596195101738, 1.1784504652023315]]","[[-0.0012249014107510448, 0.7070385813713074, 0.7071726322174072, -0.0013615257339552045]]","[[0.5018467903137207, 0.7610968351364136, -0.8284226655960083, -1.3216774463653564, 0.5552202463150024, 1.8442882299423218, -1.119988203048706, 0.02265067957341671, 0.022776415571570396]]"
gate_merlon_0:lower,18549,309.1666666666667,"[0.2804973709583283, -0.04353125044703483, 1.0205854349136352]","[0.0, 0.7071067811865476, 0.7071067811865476, 0.0]",True,"[[0.2801585793495178, -0.04346821829676628, 1.0196123123168945]]","[[-0.0012799008982256055, 0.707105278968811, 0.7071057558059692, -0.001410364406183362]]","[[0.4720313847064972, 0.9443069696426392, -0.7267751097679138, -1.422419786453247, 0.6753595471382141, 2.1049561500549316, -1.1835583448410034, 0.022652512416243553, 0.022777730599045753]]"
gate_merlon_0:pre_release,18567,309.4666666666667,"[0.2801585793495178, -0.04346821829676628, 1.0196123123168945]","[0.0, 0.7071067811865476, 0.7071067811865476, 0.0]",True,"[[0.27989891171455383, -0.04342295974493027, 1.018398642539978]]","[[-0.0012692036107182503, 0.7071055769920349, 0.7071054577827454, -0.0013974567409604788]]","[[0.4723656177520752, 0.9455563426017761, -0.7263477444648743, -1.423779845237732, 0.6767362952232361, 2.1071152687072754, -1.1844075918197632, 0.022660475224256516, 0.02278015948832035]]"
gate_merlon_0:release,18603,310.06666666666666,"[0.27989891171455383, -0.04342295974493027, 1.018398642539978]","[0.0, 0.7071067811865476, 0.7071067811865476, 0.0]",False,"[[0.2795199751853943, -0.043373480439186096, 1.01687490940094]]","[[-0.0014392908196896315, 0.7071095108985901, 0.7071000933647156, -0.0019086131360381842]]","[[0.4727618396282196, 0.947169840335846, -0.7258867621421814, -1.425251841545105, 0.6774929165840149, 2.1088852882385254, -1.1849086284637451, 0.03911249339580536, 0.039112500846385956]]"
gate_merlon_0:retreat,18723,312.06666666666666,"[0.2804973709583283, -0.04353125044703483, 1.18]","[0.0, 0.7071067811865476, 0.7071067811865476, 0.0]",False,"[[0.28041768074035645, -0.04335606098175049, 1.1768953800201416]]","[[-0.001414168276824057, 0.7070811986923218, 0.70712810754776, -0.0020205182954669]]","[[0.504048764705658, 0.7668912410736084, -0.8317991495132446, -1.3187849521636963, 0.5598245859146118, 1.8430626392364502, -1.119885802268982, 0.03999948129057884, 0.03999947011470795]]"
gate_merlon_0:settle,18759,312.6666666666667,"[0.28041768074035645, -0.04335606098175049, 1.1768953800201416]","[0.0, 0.7071067811865476, 0.7071067811865476, 0.0]",False,"[[0.28037184476852417, -0.043183282017707825, 1.175408959388733]]","[[-0.0014324306976050138, 0.7070677280426025, 0.7071415185928345, -0.002025493886321783]]","[[0.5048397779464722, 0.7679252028465271, -0.831484854221344, -1.3213015794754028, 0.560859739780426, 1.8460081815719604, -1.1204746961593628, 0.03999948874115944, 0.03999948501586914]]"
gate_merlon_1:clear,18849,314.1666666666667,"[0.28037184476852417, -0.043183282017707825, 1.18]","[0.0, 0.7090266214228788, 0.7051817142507723, 0.0]",False,"[[0.28032830357551575, -0.042999546974897385, 1.178322434425354]]","[[-0.0014308250974863768, 0.7089328169822693, 0.7052716612815857, -0.002029045717790723]]","[[0.5055795311927795, 0.766244113445282, -0.834271252155304, -1.3172210454940796, 0.5602929592132568, 1.8399864435195923, -1.1142234802246094, 0.03999951854348183, 0.03999951109290123]]"
gate_merlon_1:hover,19029,317.1666666666667,"[0.12056580185890198, -0.27097252011299133, 1.18]","[0.0, 0.7090266214228788, 0.7051817142507723, 0.0]",False,"[[0.12080954015254974, -0.27030134201049805, 1.179093837738037]]","[[-0.0013221114641055465, 0.7088885307312012, 0.7053182125091553, -0.0012919458094984293]]","[[0.45241785049438477, 0.47360333800315857, -1.0282833576202393, -1.8284032344818115, 0.45117369294166565, 2.0397675037384033, -1.5202653408050537, 0.03999916836619377, 0.039998989552259445]]"
gate_merlon_1:descend,19179,319.6666666666667,"[0.12056580185890198, -0.27097252011299133, 0.9119999299049377]","[0.0, 0.7090266214228788, 0.7051817142507723, 0.0]",False,"[[0.1204010620713234, -0.2710375487804413, 0.9125613570213318]]","[[6.516454595839605e-05, 0.7072274684906006, 0.706986129283905, 1.4748748071724549e-05]]","[[0.18696804344654083, 0.9058248400688171, -0.657782793045044, -1.8353052139282227, 0.8383166790008545, 2.4379289150238037, -1.7460476160049438, 0.039083365350961685, 0.03937356919050217]]"
gate_merlon_1:open_settle,19203,320.06666666666666,"[0.1204010620713234, -0.2710375487804413, 0.9125613570213318]","[0.0, 0.7090266214228788, 0.7051817142507723, 0.0]",False,"[[0.1204911470413208, -0.2709386348724365, 0.9125655889511108]]","[[0.0003054467961192131, 0.7072415947914124, 0.7069718241691589, -0.000374535215087235]]","[[0.1877569705247879, 0.9062470197677612, -0.6583638191223145, -1.83524489402771, 0.8380928635597229, 2.43825364112854, -1.7453773021697998, 0.03901886194944382, 0.03943810611963272]]"
gate_merlon_1:close,19263,321.06666666666666,"[0.1204911470413208, -0.2709386348724365, 0.9125655889511108]","[0.0, 0.7090266214228788, 0.7051817142507723, 0.0]",True,"[[0.12059153616428375, -0.2708471715450287, 0.9125642776489258]]","[[0.0005198953440412879, 0.707254946231842, 0.7069580554962158, -0.0007475700112991035]]","[[0.18801185488700867, 0.9063825011253357, -0.6583596467971802, -1.8351845741271973, 0.8372071981430054, 2.4388234615325928, -1.7443766593933105, 0.03894781321287155, 0.03951041027903557]]"
gate_merlon_1:lift,19413,323.56666666666666,"[0.12056580185890198, -0.27097252011299133, 1.18]","[0.0, 0.7090266214228788, 0.7051817142507723, 0.0]",True,"[[0.12059368938207626, -0.270691454410553, 1.1780610084533691]]","[[-0.000985224498435855, 0.7089064717292786, 0.705301821231842, -0.00024293411115650088]]","[[0.45809119939804077, 0.47994494438171387, -1.0367082357406616, -1.8296784162521362, 0.4619694650173187, 2.040384292602539, -1.5274333953857422, 0.02265463024377823, 0.02278522029519081]]"
gate_merlon_1:traverse,19593,326.56666666666666,"[0.28, 0.0, 1.18]","[0.0, 0.7071067811865476, 0.7071067811865476, 0.0]",True,"[[0.27971822023391724, -0.00026584701845422387, 1.1784709692001343]]","[[-0.0010480560595169663, 0.7070363163948059, 0.7071750164031982, -0.0014839386567473412]]","[[0.5762826204299927, 0.7633107900619507, -0.8458020091056824, -1.3295960426330566, 0.5662024617195129, 1.843587040901184, -1.0651904344558716, 0.0226551853120327, 0.022782912477850914]]"
gate_merlon_1:lower,19743,329.06666666666666,"[0.28049325823783877, 0.0001770964008755982, 1.020565288543701]","[0.0, 0.7071067811865476, 0.7071067811865476, 0.0]",True,"[[0.28015419840812683, 0.00021793665655422956, 1.0196077823638916]]","[[-0.0011203712783753872, 0.7071043848991394, 0.7071066498756409, -0.0015300160739570856]]","[[0.5440399050712585, 0.9470093250274658, -0.7409297823905945, -1.4289796352386475, 0.6885614991188049, 2.1030147075653076, -1.1301509141921997, 0.0226569976657629, 0.02278391271829605]]"
gate_merlon_1:pre_release,19761,329.3666666666667,"[0.28015419840812683, 0.00021793665655422956, 1.0196077823638916]","[0.0, 0.7071067811865476, 0.7071067811865476, 0.0]",True,"[[0.27989429235458374, 0.0002462049887981266, 1.0184043645858765]]","[[-0.0011142438743263483, 0.7071047425270081, 0.707106351852417, -0.0015164497308433056]]","[[0.5443364977836609, 0.9482382535934448, -0.7404441833496094, -1.4303162097930908, 0.6899075508117676, 2.1051480770111084, -1.1309866905212402, 0.02266271971166134, 0.022782351821660995]]"
gate_merlon_1:release,19797,329.9666666666667,"[0.27989429235458374, 0.0002462049887981266, 1.0184043645858765]","[0.0, 0.7071067811865476, 0.7071067811865476, 0.0]",False,"[[0.2795151174068451, 0.00027351046446710825, 1.016892671585083]]","[[-0.001291331835091114, 0.707108199596405, 0.7071013450622559, -0.0019975281320512295]]","[[0.5446845889091492, 0.9498268365859985, -0.739919126033783, -1.4317594766616821, 0.6907418966293335, 2.106860637664795, -1.1315370798110962, 0.03911260515451431, 0.03911261633038521]]"
gate_merlon_1:retreat,19917,331.9666666666667,"[0.28049325823783877, 0.0001770964008755982, 1.18]","[0.0, 0.7071067811865476, 0.7071067811865476, 0.0]",False,"[[0.2804030179977417, 0.00034877838334068656, 1.1769115924835205]]","[[-0.001268953550606966, 0.7070808410644531, 0.7071285247802734, -0.0020925106946378946]]","[[0.5772748589515686, 0.7691652774810791, -0.8486090302467346, -1.3263282775878906, 0.5707407593727112, 1.842222809791565, -1.0656331777572632, 0.03999953344464302, 0.03999954089522362]]"
gate_merlon_1:settle,19953,332.56666666666666,"[0.2804030179977417, 0.00034877838334068656, 1.1769115924835205]","[0.0, 0.7071067811865476, 0.7071067811865476, 0.0]",False,"[[0.28034621477127075, 0.0005196139682084322, 1.1754400730133057]]","[[-0.0012866624165326357, 0.7070678472518921, 0.7071415185928345, -0.0020986516028642654]]","[[0.5780613422393799, 0.7702088356018066, -0.8482851386070251, -1.328804612159729, 0.5717935562133789, 1.8451194763183594, -1.0662246942520142, 0.03999953716993332, 0.03999955207109451]]"
gate_merlon_2:clear,20043,334.06666666666666,"[0.28034621477127075, 0.0005196139682084322, 1.18]","[0.0, 0.7049198140070418, 0.7092870052526534, 0.0]",False,"[[0.28029078245162964, 0.0007016683230176568, 1.178337812423706]]","[[-0.001297025359235704, 0.7049340009689331, 0.7092686295509338, -0.002096382901072502]]","[[0.5778915882110596, 0.7677567005157471, -0.8494123816490173, -1.324891448020935, 0.5698081851005554, 1.839624047279358, -1.0706605911254883, 0.03999955207109451, 0.03999955952167511]]"
gate_merlon_2:hover,20223,337.06666666666666,"[0.12234164774417877, -0.13663706183433533, 1.18]","[0.0, 0.7049198140070418, 0.7092870052526534, 0.0]",False,"[[0.12252829223871231, -0.13600115478038788, 1.179328441619873]]","[[-0.0008241415489464998, 0.704590916633606, 0.7096120119094849, -0.0013325037434697151]]","[[0.8278481364250183, 0.3196043074131012, -1.1361336708068848, -2.012255907058716, 0.3390984833240509, 2.121417999267578, -1.2639063596725464, 0.03999711945652962, 0.0399969257414341]]"
gate_merlon_2:descend,20373,339.56666666666666,"[0.12234164774417877, -0.13663706183433533, 0.9119999299049377]","[0.0, 0.7049198140070418, 0.7092870052526534, 0.0]",False,"[[0.12213006615638733, -0.13679222762584686, 0.9125818014144897]]","[[0.0001742274616844952, 0.702540934085846, 0.7116432189941406, -0.0004934393218718469]]","[[0.4394913911819458, 0.8140352368354797, -0.6451199650764465, -2.006924867630005, 0.8576178550720215, 2.526646614074707, -1.5925781726837158, 0.03924696519970894, 0.039296798408031464]]"
gate_merlon_2:open_settle,20397,339.9666666666667,"[0.12213006615638733, -0.13679222762584686, 0.9125818014144897]","[0.0, 0.7049198140070418, 0.7092870052526534, 0.0]",False,"[[0.12220380455255508, -0.1367175132036209, 0.9125708341598511]]","[[0.0006360143888741732, 0.7028602957725525, 0.7113272547721863, -0.0007646849262528121]]","[[0.4400649666786194, 0.8144111037254333, -0.6454092860221863, -2.006894588470459, 0.857403576374054, 2.5274829864501953, -1.5911158323287964, 0.03913727030158043, 0.03940337896347046]]"
gate_merlon_2:close,20457,340.9666666666667,"[0.12220380455255508, -0.1367175132036209, 0.9125708341598511]","[0.0, 0.7049198140070418, 0.7092870052526534, 0.0]",True,"[[0.12230704724788666, -0.1366148144006729, 0.9125696420669556]]","[[0.0008982713334262371, 0.7028846740722656, 0.7113023400306702, -0.0011632967507466674]]","[[0.43913814425468445, 0.8139148354530334, -0.6441754698753357, -2.0069243907928467, 0.8547324538230896, 2.528718948364258, -1.5889551639556885, 0.03905915841460228, 0.039482481777668]]"
gate_merlon_2:lift,20607,343.4666666666667,"[0.12234164774417877, -0.13663706183433533, 1.18]","[0.0, 0.7049198140070418, 0.7092870052526534, 0.0]",True,"[[0.12229621410369873, -0.13625802099704742, 1.1782985925674438]]","[[-0.0005916348309256136, 0.7046453356742859, 0.7095592617988586, -0.0005927857127971947]]","[[0.8324229717254639, 0.3243034780025482, -1.1420292854309082, -2.0142314434051514, 0.3468952476978302, 2.123608350753784, -1.2694358825683594, 0.022650986909866333, 0.022773591801524162]]"
gate_merlon_2:traverse,20787,346.4666666666667,"[0.28, 0.043999999999999984, 1.18]","[0.0, 0.7071067811865476, 0.7071067811865476, 0.0]",True,"[[0.2797018587589264, 0.04388164356350899, 1.1784656047821045]]","[[-0.0009176984312944114, 0.7070368528366089, 0.7071742415428162, -0.001652606762945652]]","[[0.6386705040931702, 0.7723531723022461, -0.8540710210800171, -1.3203951120376587, 0.5755757689476013, 1.8373730182647705, -1.0064865350723267, 0.02265063114464283, 0.022772284224629402]]"
gate_merlon_2:lower,20937,348.9666666666667,"[0.2803982484340668, 0.04394896352291107, 1.020560520172119]","[0.0, 0.7071067811865476, 0.7071067811865476, 0.0]",True,"[[0.2800532877445221, 0.043966785073280334, 1.019599437713623]]","[[-0.0010003530187532306, 0.7071110606193542, 0.7070998549461365, -0.0016822488978505135]]","[[0.6071300506591797, 0.9547591805458069, -0.7488446235656738, -1.4209425449371338, 0.6970195174217224, 2.096656560897827, -1.071511149406433, 0.02265002578496933, 0.022772585973143578]]"
gate_merlon_2:pre_release,20955,349.26666666666665,"[0.2800532877445221, 0.043966785073280334, 1.019599437713623]","[0.0, 0.7071067811865476, 0.7071067811865476, 0.0]",True,"[[0.27979180216789246, 0.0439794547855854, 1.0183886289596558]]","[[-0.0009891747031360865, 0.7071095108985901, 0.7071014642715454, -0.0016494112787768245]]","[[0.6074030995368958, 0.9559551477432251, -0.7482900023460388, -1.4223155975341797, 0.6983396410942078, 2.0988609790802, -1.0723485946655273, 0.022654466331005096, 0.022793598473072052]]"
gate_merlon_2:release,20991,349.8666666666667,"[0.27979180216789246, 0.0439794547855854, 1.0183886289596558]","[0.0, 0.7071067811865476, 0.7071067811865476, 0.0]",False,"[[0.2794129252433777, 0.04398275911808014, 1.0168728828430176]]","[[-0.0011617637937888503, 0.7071111798286438, 0.7070984244346619, -0.0020875236950814724]]","[[0.6077237725257874, 0.9575148820877075, -0.7477098107337952, -1.4237830638885498, 0.6992592215538025, 2.100606679916382, -1.0729659795761108, 0.039112310856580734, 0.03911232203245163]]"
gate_merlon_2:retreat,21111,351.8666666666667,"[0.2803982484340668, 0.04394896352291107, 1.18]","[0.0, 0.7071067811865476, 0.7071067811865476, 0.0]",False,"[[0.28029966354370117, 0.044113513082265854, 1.1769065856933594]]","[[-0.0011424304684624076, 0.7070833444595337, 0.7071260809898376, -0.002164829522371292]]","[[0.6389495134353638, 0.7776580452919006, -0.8563669323921204, -1.3176852464675903, 0.5797726511955261, 1.8364202976226807, -1.00740385055542, 0.0399995781481266, 0.03999960049986839]]"
gate_merlon_2:settle,21147,352.4666666666667,"[0.28029966354370117, 0.044113513082265854, 1.1769065856933594]","[0.0, 0.7071067811865476, 0.7071067811865476, 0.0]",False,"[[0.28023475408554077, 0.044279325753450394, 1.1754306554794312]]","[[-0.0011600484140217304, 0.7070704102516174, 0.7071389555931091, -0.0021713057067245245]]","[[0.6397504210472107, 0.7787082195281982, -0.8560435175895691, -1.32017183303833, 0.5808310508728027, 1.8393170833587646, -1.0080043077468872, 0.0399995855987072, 0.03999961167573929]]"
left_crown_a:clear,21237,353.9666666666667,"[0.28023475408554077, 0.044279325753450394, 1.18]","[0.0, 0.7020142393882882, 0.7121629081158911, 0.0]",False,"[[0.2801705002784729, 0.04445658251643181, 1.1783323287963867]]","[[-0.001178927719593048, 0.7021079063415527, 0.7120663523674011, -0.002166248159483075]]","[[0.6388964653015137, 0.775730311870575, -0.8559865355491638, -1.316290020942688, 0.577879786491394, 1.8341501951217651, -1.019972801208496, 0.0399995893239975, 0.03999961167573929]]"
left_crown_a:hover,21417,356.9666666666667,"[0.11750409007072449, 0.0019958633929491043, 1.18]","[0.0, 0.7020142393882882, 0.7121629081158911, 0.0]",False,"[[0.11759810894727707, 0.002803759416565299, 1.1794190406799316]]","[[-0.0004589266318362206, 0.7012412548065186, 0.7129226922988892, -0.0013592337490990758]]","[[1.1573002338409424, 0.21929053962230682, -1.1954962015151978, -2.0965349674224854, 0.24449029564857483, 2.1614325046539307, -0.9703430533409119, 0.03999701142311096, 0.03999711945652962]]"
left_crown_a:descend,21567,359.4666666666667,"[0.11750409007072449, 0.0019958633929491043, 0.9219999251365661]","[0.0, 0.7020142393882882, 0.7121629081158911, 0.0]",False,"[[0.11702464520931244, 0.0019559431821107864, 0.9221631288528442]]","[[-0.0007337655988521874, 0.701924741268158, 0.7122485637664795, -0.001774403266608715]]","[[0.7055213451385498, 0.7467730641365051, -0.6499588489532471, -2.0959267616271973, 0.8404776453971863, 2.558224678039551, -1.3552486896514893, 0.039991967380046844, 0.03999277949333191]]"
left_crown_a:open_settle,21591,359.8666666666667,"[0.11702464520931244, 0.0019559431821107864, 0.9221631288528442]","[0.0, 0.7020142393882882, 0.7121629081158911, 0.0]",False,"[[0.11661572754383087, 0.0019164024852216244, 0.9214266538619995]]","[[-0.0007274851086549461, 0.7019124031066895, 0.7122607231140137, -0.0017690532840788364]]","[[0.7048593759536743, 0.7476406097412109, -0.6486122608184814, -2.0965988636016846, 0.8422483205795288, 2.5598223209381104, -1.3567097187042236, 0.039991386234760284, 0.039992064237594604]]"
left_crown_a:close,21651,360.8666666666667,"[0.11661572754383087, 0.0019164024852216244, 0.9214266538619995]","[0.0, 0.7020142393882882, 0.7121629081158911, 0.0]",True,"[[0.11623365432024002, 0.0018343799747526646, 0.9207044839859009]]","[[-0.0003732412005774677, 0.7019234895706177, 0.7122507095336914, -0.001529958564788103]]","[[0.7046388387680054, 0.7488119602203369, -0.6476349234580994, -2.0972836017608643, 0.8452649116516113, 2.562060594558716, -1.358984351158142, 0.026707785204052925, 0.0268408190459013]]"
left_crown_a:lift,21801,363.3666666666667,"[0.11750409007072449, 0.0019958633929491043, 1.18]","[0.0, 0.7020142393882882, 0.7121629081158911, 0.0]",True,"[[0.11729136854410172, 0.0026647308841347694, 1.1783710718154907]]","[[-0.0004535038606263697, 0.7013658881187439, 0.7127999067306519, -0.0014073584461584687]]","[[1.1631914377212524, 0.22390370070934296, -1.2022608518600464, -2.0986039638519287, 0.25054991245269775, 2.1630451679229736, -0.9745123982429504, 0.026841849088668823, 0.02684648148715496]]"
left_crown_a:traverse,21981,366.3666666666667,"[0.28, -0.16999999999999998, 1.18]","[0.0, 0.7071067811865476, 0.7071067811865476, 0.0]",True,"[[0.27969345450401306, -0.16954311728477478, 1.178285837173462]]","[[-0.0018784889252856374, 0.7070870995521545, 0.707121729850769, -0.0017794243758544326]]","[[0.2962607741355896, 0.8500384092330933, -0.8587605953216553, -1.1904524564743042, 0.6185488700866699, 1.7786012887954712, -1.2911733388900757, 0.02684136852622032, 0.026847628876566887]]"
left_crown_a:lower,22131,368.8666666666667,"[0.28059726834297183, -0.1702395063638687, 1.0571769256591796]","[0.0, 0.7071067811865476, 0.7071067811865476, 0.0]",True,"[[0.28029248118400574, -0.17012302577495575, 1.055919885635376]]","[[-0.0019473778083920479, 0.7071447372436523, 0.7070637941360474, -0.0018220100319013]]","[[0.29500812292099, 0.9736521244049072, -0.7921165823936462, -1.2993851900100708, 0.6981284022331238, 1.9873018264770508, -1.3393325805664062, 0.02684113010764122, 0.026848169043660164]]"
left_crown_a:pre_release,22149,369.1666666666667,"[0.28029248118400574, -0.17012302577495575, 1.055919885635376]","[0.0, 0.7071067811865476, 0.7071067811865476, 0.0]",True,"[[0.280069500207901, -0.17004914581775665, 1.0546492338180542]]","[[-0.0018831337802112103, 0.7071427702903748, 0.7070660591125488, -0.0017990488559007645]]","[[0.2954920828342438, 0.9746198058128357, -0.7915852069854736, -1.3013259172439575, 0.6991804838180542, 1.989890217781067, -1.340122938156128, 0.026852918788790703, 0.02685166895389557]]"
left_crown_a:release,22185,369.76666666666665,"[0.280069500207901, -0.17004914581775665, 1.0546492338180542]","[0.0, 0.7071067811865476, 0.7071067811865476, 0.0]",False,"[[0.2797897756099701, -0.16994087398052216, 1.0530449151992798]]","[[-0.001881335163488984, 0.7071351408958435, 0.7070737481117249, -0.0017773587023839355]]","[[0.29609185457229614, 0.9759031534194946, -0.7909541726112366, -1.303648591041565, 0.7005800604820251, 1.9929167032241821, -1.341127634048462, 0.03932710364460945, 0.03932710736989975]]"
left_crown_a:retreat,22305,371.76666666666665,"[0.28059726834297183, -0.1702395063638687, 1.18]","[0.0, 0.7071067811865476, 0.7071067811865476, 0.0]",False,"[[0.2805742621421814, -0.17008155584335327, 1.177121877670288]]","[[-0.0018508235225453973, 0.7071091532707214, 0.7070999145507812, -0.0017402229132130742]]","[[0.2937658429145813, 0.8553991913795471, -0.8594989776611328, -1.184988021850586, 0.622257649898529, 1.777567982673645, -1.2917578220367432, 0.039999473839998245, 0.039999425411224365]]"
left_crown_a:settle,22341,372.3666666666667,"[0.2805742621421814, -0.17008155584335327, 1.177121877670288]","[0.0, 0.7071067811865476, 0.7071067811865476, 0.0]",False,"[[0.28057822585105896, -0.16993315517902374, 1.1755259037017822]]","[[-0.0018708729185163975, 0.7071015238761902, 0.707107424736023, -0.0017398939235135913]]","[[0.2947850823402405, 0.8564558029174805, -0.8592511415481567, -1.1878550052642822, 0.6232707500457764, 1.7807252407073975, -1.2924443483352661, 0.039999477565288544, 0.03999944031238556]]"
left_crown_b:clear,22431,373.8666666666667,"[0.28057822585105896, -0.16993315517902374, 1.18]","[0.0, 0.7148684975829638, 0.6992589156839376, 0.0]",False,"[[0.28058677911758423, -0.16977612674236298, 1.178209900856018]]","[[-0.0018567356746643782, 0.714657187461853, 0.6994702219963074, -0.0017562891589477658]]","[[0.2958100438117981, 0.8562408089637756, -0.8638915419578552, -1.1832622289657593, 0.6250401139259338, 1.7743264436721802, -1.2707257270812988, 0.03999951109290123, 0.03999947011470795]]"
left_crown_b:hover,22611,376.8666666666667,"[0.11843621730804443, 0.13725890219211578, 1.18]","[0.0, 0.7148684975829638, 0.6992589156839376, 0.0]",False,"[[0.11844998598098755, 0.13708943128585815, 1.1793397665023804]]","[[-0.00016705777670722455, 0.7144381403923035, 0.699696958065033, -0.0015382691053673625]]","[[1.3129936456680298, 0.2988005578517914, -1.1370694637298584, -2.0275685787200928, 0.3188728988170624, 2.12992787361145, -0.7452165484428406, 0.0399986170232296, 0.03999890387058258]]"
left_crown_b:descend,22761,379.3666666666667,"[0.11843621730804443, 0.13725890219211578, 0.9219999251365661]","[0.0, 0.7148684975829638, 0.6992589156839376, 0.0]",False,"[[0.11796319484710693, 0.13710467517375946, 0.922091543674469]]","[[-0.0003036955022253096, 0.7147876024246216, 0.6993387937545776, -0.0019664785359054804]]","[[0.9294973611831665, 0.7829064726829529, -0.6552947163581848, -2.0317723751068115, 0.8334351778030396, 2.523188352584839, -1.0659877061843872, 0.03999415412545204, 0.039994921535253525]]"
left_crown_b:open_settle,22785,379.76666666666665,"[0.11796319484710693, 0.13710467517375946, 0.922091543674469]","[0.0, 0.7148684975829638, 0.6992589156839376, 0.0]",False,"[[0.1175597533583641, 0.13697108626365662, 0.9212940335273743]]","[[-0.0003016595437657088, 0.7147746682167053, 0.6993520855903625, -0.0019602980464696884]]","[[0.9289138913154602, 0.7838190793991089, -0.6539804935455322, -2.032508611679077, 0.8351746201515198, 2.524869203567505, -1.0674084424972534, 0.03999358043074608, 0.03999420627951622]]"
left_crown_b:close,22845,380.76666666666665,"[0.1175597533583641, 0.13697108626365662, 0.9212940335273743]","[0.0, 0.7148684975829638, 0.6992589156839376, 0.0]",True,"[[0.11719544231891632, 0.1368006467819214, 0.9205102920532227]]","[[2.68066069111228e-05, 0.7147897481918335, 0.6993376016616821, -0.0016296872636303306]]","[[0.9287267327308655, 0.7850176692008972, -0.6529903411865234, -2.0332932472229004, 0.8380318284034729, 2.52734112739563, -1.0695198774337769, 0.02683575078845024, 0.026854218915104866]]"
left_crown_b:lift,22995,383.26666666666665,"[0.11843621730804443, 0.13725890219211578, 1.18]","[0.0, 0.7148684975829638, 0.6992589156839376, 0.0]",True,"[[0.1181439533829689, 0.1375897377729416, 1.1782892942428589]]","[[-9.217020124197006e-05, 0.7145271301269531, 0.6996059417724609, -0.0016130924923345447]]","[[1.3171675205230713, 0.30251744389533997, -1.1407103538513184, -2.029195547103882, 0.32351505756378174, 2.1314313411712646, -0.7471756339073181, 0.026842467486858368, 0.02684752829372883]]"
left_crown_b:traverse,23175,386.26666666666665,"[0.28, -0.13, 1.18]","[0.0, 0.7071067811865476, 0.7071067811865476, 0.0]",True,"[[0.2796775698661804, -0.12936659157276154, 1.1783504486083984]]","[[-0.0016908084508031607, 0.7070878744125366, 0.7071213126182556, -0.001880244817584753]]","[[0.3834969699382782, 0.8243898153305054, -0.8771997690200806, -1.2489612102508545, 0.6163216829299927, 1.798954725265503, -1.248896837234497, 0.026842139661312103, 0.026848677545785904]]"
left_crown_b:lower,23325,388.76666666666665,"[0.28058460235595706, -0.13056324899196625, 1.057008602142334]","[0.0, 0.7071067811865476, 0.7071067811865476, 0.0]",True,"[[0.2802736759185791, -0.13044951856136322, 1.0558079481124878]]","[[-0.001788673922419548, 0.7071281671524048, 0.707080602645874, -0.0019179651280865073]]","[[0.3739528954029083, 0.952099084854126, -0.8042411804199219, -1.3513401746749878, 0.702366828918457, 2.0055789947509766, -1.299615502357483, 0.02684192731976509, 0.026849159970879555]]"
left_crown_b:pre_release,23343,389.06666666666666,"[0.2802736759185791, -0.13044951856136322, 1.0558079481124878]","[0.0, 0.7071067811865476, 0.7071067811865476, 0.0]",True,"[[0.2800453007221222, -0.1303672194480896, 1.0545611381530762]]","[[-0.0017462014220654964, 0.7071187496185303, 0.7070901393890381, -0.0018984448397532105]]","[[0.37437400221824646, 0.953067421913147, -0.8036337494850159, -1.3531728982925415, 0.7034239172935486, 2.0080621242523193, -1.3003885746002197, 0.026853041723370552, 0.026850467547774315]]"
left_crown_b:release,23379,389.6666666666667,"[0.2800453007221222, -0.1303672194480896, 1.0545611381530762]","[0.0, 0.7071067811865476, 0.7071067811865476, 0.0]",False,"[[0.2797606885433197, -0.13026508688926697, 1.0530093908309937]]","[[-0.001729999901726842, 0.7071189880371094, 0.7070900797843933, -0.0018702531233429909]]","[[0.3749223053455353, 0.9543470144271851, -0.8029733300209045, -1.3553775548934937, 0.7048727869987488, 2.011009931564331, -1.3013650178909302, 0.03932713717222214, 0.039327140897512436]]"
left_crown_b:retreat,23499,391.6666666666667,"[0.28058460235595706, -0.13056324899196625, 1.18]","[0.0, 0.7071067811865476, 0.7071067811865476, 0.0]",False,"[[0.2805473208427429, -0.13039308786392212, 1.1771843433380127]]","[[-0.0016861363546922803, 0.7070966958999634, 0.7071126103401184, -0.0018278657225891948]]","[[0.3801560401916504, 0.8298890590667725, -0.8778045773506165, -1.2434587478637695, 0.6201942563056946, 1.7978345155715942, -1.2504006624221802, 0.03999948501586914, 0.039999447762966156]]"
left_crown_b:settle,23535,392.26666666666665,"[0.2805473208427429, -0.13039308786392212, 1.1771843433380127]","[0.0, 0.7071067811865476, 0.7071067811865476, 0.0]",False,"[[0.2805362641811371, -0.130231574177742, 1.17564857006073]]","[[-0.0017038126243278384, 0.7070887684822083, 0.7071205377578735, -0.0018292457098141313]]","[[0.38108232617378235, 0.8309665322303772, -0.8775150775909424, -1.2461192607879639, 0.6212504506111145, 1.8008356094360352, -1.2510489225387573, 0.03999948874115944, 0.03999946266412735]]"
right_crown_a:clear,23625,393.76666666666665,"[0.2805362641811371, -0.130231574177742, 1.18]","[0.0, 0.7079865836967352, 0.7062258826363035, 0.0]",False,"[[0.2805287837982178, -0.13006041944026947, 1.17827570438385]]","[[-0.001705670147202909, 0.707942545413971, 0.7062656879425049, -0.0018304599216207862]]","[[0.3811844289302826, 0.8294926881790161, -0.8796645998954773, -1.2421303987503052, 0.6206584572792053, 1.7954225540161133, -1.2475910186767578, 0.039999522268772125, 0.03999948874115944]]"
right_crown_a:hover,23805,396.76666666666665,"[0.11901669949293137, 0.2679016888141632, 1.18]","[0.0, 0.7079865836967352, 0.7062258826363035, 0.0]",False,"[[0.11905433237552643, 0.26736652851104736, 1.1791006326675415]]","[[7.438344619004056e-05, 0.7077894806861877, 0.7064211368560791, -0.001831877394579351]]","[[1.3438725471496582, 0.4542531967163086, -1.0163261890411377, -1.8418577909469604, 0.4319337010383606, 2.049485683441162, -0.6175172328948975, 0.03999875485897064, 0.039998993277549744]]"
right_crown_a:descend,23955,399.26666666666665,"[0.11901669949293137, 0.2679016888141632, 0.9219999251365661]","[0.0, 0.7079865836967352, 0.7062258826363035, 0.0]",False,"[[0.11854422092437744, 0.26764240860939026, 0.9218883514404297]]","[[-1.9462895579636097e-05, 0.7079260349273682, 0.7062832713127136, -0.002179222647100687]]","[[1.0866113901138306, 0.8739378452301025, -0.6583331823348999, -1.858079195022583, 0.8084069490432739, 2.4367055892944336, -0.8327715396881104, 0.03999550640583038, 0.039995983242988586]]"
right_crown_a:open_settle,23979,399.6666666666667,"[0.11854422092437744, 0.26764240860939026, 0.9218883514404297]","[0.0, 0.7079865836967352, 0.7062258826363035, 0.0]",False,"[[0.11813984811306, 0.2674194872379303, 0.9209189414978027]]","[[-2.233846862509381e-05, 0.7079156041145325, 0.7062937617301941, -0.002172972308471799]]","[[1.086226463317871, 0.874982476234436, -0.6571018695831299, -1.8590048551559448, 0.810068666934967, 2.438643455505371, -0.8340941071510315, 0.039995227009058, 0.039995625615119934]]"
right_crown_a:close,24039,400.6666666666667,"[0.11813984811306, 0.2674194872379303, 0.9209189414978027]","[0.0, 0.7079865836967352, 0.7062258826363035, 0.0]",True,"[[0.11779206246137619, 0.2671741545200348, 0.9199732542037964]]","[[0.0003185661626048386, 0.707923173904419, 0.7062873244285583, -0.001725178910419345]]","[[1.0862033367156982, 0.8762671947479248, -0.6561645269393921, -1.860053539276123, 0.8126323223114014, 2.441662311553955, -0.8359432816505432, 0.02685091271996498, 0.026856152340769768]]"
right_crown_a:lift,24189,403.1666666666667,"[0.11901669949293137, 0.2679016888141632, 1.18]","[0.0, 0.7079865836967352, 0.7062258826363035, 0.0]",True,"[[0.1187523826956749, 0.2680448591709137, 1.1780444383621216]]","[[0.00016156380297616124, 0.7078254818916321, 0.7063847780227661, -0.0019171173917129636]]","[[1.3465980291366577, 0.4573773145675659, -1.0183008909225464, -1.8427292108535767, 0.4354840815067291, 2.0506234169006348, -0.6184329390525818, 0.026841603219509125, 0.026846637949347496]]"
right_crown_a:traverse,24369,406.1666666666667,"[0.28, 0.13, 1.18]","[0.0, 0.7071067811865476, 0.7071067811865476, 0.0]",True,"[[0.27962979674339294, 0.1303972452878952, 1.1783391237258911]]","[[-0.0009500908781774342, 0.7070707678794861, 0.7071382403373718, -0.002375357085838914]]","[[0.7325577735900879, 0.8179848790168762, -0.8619177937507629, -1.248996615409851, 0.6037657260894775, 1.8029706478118896, -0.8865626454353333, 0.02684185840189457, 0.026846520602703094]]"
right_crown_a:lower,24519,408.6666666666667,"[0.28054028630256655, 0.12934206902980805, 1.0565770645141601]","[0.0, 0.7071067811865476, 0.7071067811865476, 0.0]",True,"[[0.2802077829837799, 0.12934927642345428, 1.0553710460662842]]","[[-0.001014952315017581, 0.7071090936660767, 0.7070996165275574, -0.002437002258375287]]","[[0.7234312891960144, 0.9449113607406616, -0.7899333834648132, -1.3542155027389526, 0.6889322400093079, 2.0121583938598633, -0.9377502799034119, 0.026841888204216957, 0.026846596971154213]]"
right_crown_a:pre_release,24537,408.9666666666667,"[0.2802077829837799, 0.12934927642345428, 1.0553710460662842]","[0.0, 0.7071067811865476, 0.7071067811865476, 0.0]",True,"[[0.2799645662307739, 0.12934251129627228, 1.0541244745254517]]","[[-0.000983776175417006, 0.7071133255958557, 0.7070955634117126, -0.0023904242552816868]]","[[0.7238370180130005, 0.9458696246147156, -0.7893304228782654, -1.3560595512390137, 0.6900032758712769, 2.0146734714508057, -0.9384978413581848, 0.026848474517464638, 0.02684587612748146]]"
right_crown_a:release,24573,409.56666666666666,"[0.2799645662307739, 0.12934251129627228, 1.0541244745254517]","[0.0, 0.7071067811865476, 0.7071067811865476, 0.0]",False,"[[0.27965953946113586, 0.1293383240699768, 1.0525692701339722]]","[[-0.0009753695921972394, 0.7071163654327393, 0.7070925831794739, -0.0023624387104064226]]","[[0.7243767380714417, 0.9471455812454224, -0.7886783480644226, -1.3582741022109985, 0.6914331912994385, 2.0176467895507812, -0.9394571781158447, 0.03932692110538483, 0.03932694345712662]]"
right_crown_a:retreat,24693,411.56666666666666,"[0.28054028630256655, 0.12934206902980805, 1.18]","[0.0, 0.7071067811865476, 0.7071067811865476, 0.0]",False,"[[0.28044426441192627, 0.1294885277748108, 1.1771762371063232]]","[[-0.0009475291008129716, 0.7070946097373962, 0.7071145176887512, -0.002310474868863821]]","[[0.7303601503372192, 0.8220005035400391, -0.862873911857605, -1.2463228702545166, 0.6070308089256287, 1.8030472993850708, -0.8886259198188782, 0.039999641478061676, 0.039999693632125854]]"
right_crown_a:settle,24729,412.1666666666667,"[0.28044426441192627, 0.1294885277748108, 1.1771762371063232]","[0.0, 0.7071067811865476, 0.7071067811865476, 0.0]",False,"[[0.28037604689598083, 0.12963591516017914, 1.1756365299224854]]","[[-0.0009632157161831856, 0.7070867419242859, 0.7071224451065063, -0.002317866776138544]]","[[0.7312756776809692, 0.8230634927749634, -0.8625869154930115, -1.2489968538284302, 0.6080723404884338, 1.806075930595398, -0.8892647624015808, 0.039999645203351974, 0.03999970108270645]]"
right_crown_b:clear,24819,413.6666666666667,"[0.28037604689598083, 0.12963591516017914, 1.18]","[0.0, 0.7149809929850691, 0.6991438905333326, 0.0]",False,"[[0.2803080081939697, 0.12979333102703094, 1.1782723665237427]]","[[-0.0009428496705368161, 0.714752197265625, 0.6993733048439026, -0.002326670801267028]]","[[0.7327985167503357, 0.8228356838226318, -0.867498517036438, -1.244825005531311, 0.609816312789917, 1.7998287677764893, -0.8673776388168335, 0.03999964892864227, 0.03999970480799675]]"
right_crown_b:hover,24999,416.6666666666667,"[0.12177794426679611, 0.40338385105133057, 1.18]","[0.0, 0.7149809929850691, 0.6991438905333326, 0.0]",False,"[[0.1218591257929802, 0.4030317962169647, 1.1786483526229858]]","[[0.00026742430054582655, 0.7148855924606323, 0.6992377638816833, -0.002267285715788603]]","[[1.2933940887451172, 0.6766246557235718, -0.8933287858963013, -1.4949818849563599, 0.5410772562026978, 1.9056947231292725, -0.4369884431362152, 0.039999090135097504, 0.03999926522374153]]"
right_crown_b:descend,25149,419.1666666666667,"[0.12177794426679611, 0.40338385105133057, 0.9219999251365661]","[0.0, 0.7149809929850691, 0.6991438905333326, 0.0]",False,"[[0.12132016569375992, 0.4030021131038666, 0.9215211272239685]]","[[0.00021754048066213727, 0.7149885892868042, 0.6991317272186279, -0.0024750526063144207]]","[[1.164772868156433, 1.0375200510025024, -0.6628387570381165, -1.531853199005127, 0.77718186378479, 2.2856578826904297, -0.5518189668655396, 0.039996638894081116, 0.03999689593911171]]"
right_crown_b:open_settle,25173,419.56666666666666,"[0.12132016569375992, 0.4030021131038666, 0.9215211272239685]","[0.0, 0.7149809929850691, 0.6991438905333326, 0.0]",False,"[[0.1209271252155304, 0.40267252922058105, 0.9202407002449036]]","[[0.00021331410971470177, 0.7149839401245117, 0.6991365551948547, -0.002466088393703103]]","[[1.1647496223449707, 1.0387638807296753, -0.6617861390113831, -1.5332039594650269, 0.7786818146705627, 2.28808856010437, -0.5530183911323547, 0.03999645262956619, 0.039996642619371414]]"
right_crown_b:close,25233,420.56666666666666,"[0.1209271252155304, 0.40267252922058105, 0.9202407002449036]","[0.0, 0.7149809929850691, 0.6991438905333326, 0.0]",True,"[[0.12061013281345367, 0.402346670627594, 0.9190089106559753]]","[[0.0006020641303621233, 0.7150287628173828, 0.6990922689437866, -0.0018791077891364694]]","[[1.1649423837661743, 1.040069580078125, -0.6608389019966125, -1.5348161458969116, 0.7804303765296936, 2.2920610904693604, -0.5542197823524475, 0.026862740516662598, 0.02685139887034893]]"
right_crown_b:lift,25383,423.06666666666666,"[0.12177794426679611, 0.40338385105133057, 1.18]","[0.0, 0.7149809929850691, 0.6991438905333326, 0.0]",True,"[[0.12155761569738388, 0.4034869074821472, 1.177587866783142]]","[[0.00034911418333649635, 0.7148886322975159, 0.6992343664169312, -0.0023483240511268377]]","[[1.2952494621276855, 0.6786358952522278, -0.8946437239646912, -1.4960479736328125, 0.5432921051979065, 1.9069914817810059, -0.4374040365219116, 0.026842350140213966, 0.026849297806620598]]"
right_crown_b:traverse,25563,426.06666666666666,"[0.28, 0.16999999999999998, 1.18]","[0.0, 0.7071067811865476, 0.7071067811865476, 0.0]",True,"[[0.27963942289352417, 0.17054691910743713, 1.1782764196395874]]","[[-0.0008645717753097415, 0.7070972919464111, 0.7071114778518677, -0.0024770561140030622]]","[[0.7571961283683777, 0.848475456237793, -0.8534006476402283, -1.1894299983978271, 0.6143196821212769, 1.7795277833938599, -0.8251931667327881, 0.02684314176440239, 0.026848936453461647]]"
right_crown_b:lower,25713,428.56666666666666,"[0.28055164098739627, 0.16900686740875243, 1.055789210319519]","[0.0, 0.7071067811865476, 0.7071067811865476, 0.0]",True,"[[0.2802203297615051, 0.16898904740810394, 1.0545326471328735]]","[[-0.0009312044712714851, 0.7071197032928467, 0.7070887684822083, -0.002524013863876462]]","[[0.7552422285079956, 0.9720309376716614, -0.7863683700561523, -1.3022865056991577, 0.694149911403656, 1.9919804334640503, -0.8759877681732178, 0.026843177154660225, 0.026848940178751945]]"
right_crown_b:pre_release,25731,428.8666666666667,"[0.2802203297615051, 0.16898904740810394, 1.0545326471328735]","[0.0, 0.7071067811865476, 0.7071067811865476, 0.0]",True,"[[0.2799849510192871, 0.16897429525852203, 1.0532582998275757]]","[[-0.0008878225344233215, 0.7071137428283691, 0.7070950269699097, -0.0024549653753638268]]","[[0.7557023167610168, 0.9729803800582886, -0.7857667803764343, -1.304220199584961, 0.6951842308044434, 1.9946198463439941, -0.8767582774162292, 0.026782939210534096, 0.02682604268193245]]"
right_crown_b:release,25767,429.4666666666667,"[0.2799849510192871, 0.16897429525852203, 1.0532582998275757]","[0.0, 0.7071067811865476, 0.7071067811865476, 0.0]",False,"[[0.2796829342842102, 0.16894464194774628, 1.0516538619995117]]","[[-0.0008929372997954488, 0.7071279287338257, 0.7070809602737427, -0.002433441812172532]]","[[0.7562994956970215, 0.9742662310600281, -0.7851424813270569, -1.3065418004989624, 0.6965903639793396, 1.9976569414138794, -0.8777056336402893, 0.039323631674051285, 0.03932366147637367]]"
right_crown_b:retreat,25887,431.4666666666667,"[0.28055164098739627, 0.16900686740875243, 1.18]","[0.0, 0.7071067811865476, 0.7071067811865476, 0.0]",False,"[[0.2804594337940216, 0.16913804411888123, 1.177108883857727]]","[[-0.0008796214824542403, 0.7071084380149841, 0.7071006298065186, -0.0023860756773501635]]","[[0.7548155784606934, 0.8518428206443787, -0.854522168636322, -1.187835931777954, 0.6173322200775146, 1.7800854444503784, -0.8280168771743774, 0.03999966010451317, 0.03999972715973854]]"
right_crown_b:settle,25923,432.06666666666666,"[0.2804594337940216, 0.16913804411888123, 1.177108883857727]","[0.0, 0.7071067811865476, 0.7071067811865476, 0.0]",False,"[[0.2803957462310791, 0.16927282512187958, 1.1755133867263794]]","[[-0.0008975421078503132, 0.7071002721786499, 0.7071086764335632, -0.0023947113659232855]]","[[0.7558262944221497, 0.8528940081596375, -0.8542719483375549, -1.1907012462615967, 0.618340015411377, 1.7832483053207397, -0.8286988735198975, 0.03999966382980347, 0.03999973461031914]]"
park,26170,436.18333333333334,"[-0.1, -0.3, 1.2]","[0.0, 0.7071067811865476, 0.7071067811865476, 0.0]",False,"[[-0.09779471158981323, -0.2968015670776367, 1.1992253065109253]]","[[-0.0017511521000415087, 0.7062591314315796, 0.707951009273529, -0.0006692674942314625]]","[[1.608467936515808, 0.34687989950180054, -2.3557393550872803, -2.4184632301330566, 0.28895992040634155, 2.1452205181121826, -1.7267600297927856, 0.03998497128486633, 0.03998474404215813]]"
final_settle,26410,440.18333333333334,"[-0.09779471158981323, -0.2968015670776367, 1.1992253065109253]","[0.0, 0.7071067811865476, 0.7071067811865476, 0.0]",False,"[[-0.09789767116308212, -0.29662421345710754, 1.1987277269363403]]","[[-0.0011501336703076959, 0.7070032358169556, 0.7072094082832336, 0.00019569287542253733]]","[[1.609344244003296, 0.3469231426715851, -2.3562111854553223, -2.420257568359375, 0.2914271652698517, 2.1477339267730713, -1.7260023355484009, 0.039986010640859604, 0.039985790848731995]]"
